os,cpu,gpu,ram,kernel,driver,cpuscheduler
Steam Runtime 4,Intel Core Ultra 7 355,Intel(R) Graphics (PTL),32351840,7.2.5-3-omarchy,,powersave
fps,frametime,cpu_load,cpu_power,gpu_load,cpu_temp,gpu_temp,gpu_core_clock,gpu_mem_clock,gpu_vram_used,gpu_power,ram_used,swap_used,process_rss,cpu_mhz,elapsed
119.281,8.38355,4.69459,0,54,59,0,2500,0,0,0,22.3547,11.9995,1.8659,4362,23267171
122.126,8.18823,4.69459,0,54,59,0,2500,0,0,0,22.3547,11.9995,1.8659,4362,31454780
120.664,8.2875,4.69459,0,54,59,0,2500,0,0,0,22.3547,11.9995,1.8659,4362,39742488
120.141,8.32354,4.69459,0,54,59,0,2500,0,0,0,22.3547,11.9995,1.8659,4362,48066018
119.519,8.36688,4.69459,0,54,59,0,2500,0,0,0,22.3547,11.9995,1.8659,4362,56433200
121.218,8.24962,4.69459,0,54,59,0,2500,0,0,0,22.3547,11.9995,1.8659,4362,64682808
119.196,8.38951,4.69459,0,54,59,0,2500,0,0,0,22.3547,11.9995,1.8659,4362,73072768
120.506,8.29836,4.69459,0,54,59,0,2500,0,0,0,22.3547,11.9995,1.8659,4362,81371740
117.213,8.53151,4.69459,0,54,59,0,2500,0,0,0,22.3547,11.9995,1.8659,4362,89903220
122.491,8.16389,4.69459,0,54,59,0,2500,0,0,0,22.3547,11.9995,1.8659,4362,98067301
121.027,8.26264,4.69459,0,54,59,0,2500,0,0,0,22.3547,11.9995,1.8659,4362,106329946
119.91,8.33962,4.69459,0,54,59,0,2500,0,0,0,22.3547,11.9995,1.8659,4362,114669757
117.831,8.48673,4.69459,0,54,59,0,2500,0,0,0,22.3547,11.9995,1.8659,4362,123156668
119.198,8.3894,4.69459,0,54,59,0,2500,0,0,0,22.3547,11.9995,1.8659,4362,131546202
121.355,8.24032,4.69459,0,54,59,0,2500,0,0,0,22.3547,11.9995,1.8659,4362,139786749
119.055,8.39949,4.69459,0,54,59,0,2500,0,0,0,22.3547,11.9995,1.8659,4362,148186365
121.987,8.19763,4.69459,0,54,59,0,2500,0,0,0,22.3547,11.9995,1.8659,4362,156384320
120.927,8.26948,4.69459,0,54,59,0,2500,0,0,0,22.3547,11.9995,1.8659,4362,164653647
116.794,8.56207,4.69459,0,54,59,0,2500,0,0,0,22.3547,11.9995,1.8659,4362,173216207
123.135,8.12117,4.69459,0,54,59,0,2500,0,0,0,22.3547,11.9995,1.8659,4362,181337500
119.458,8.37117,4.69459,0,54,59,0,2500,0,0,0,22.3547,11.9995,1.8659,4362,189708907
117.1,8.53972,4.69459,0,54,59,0,2500,0,0,0,22.3547,11.9995,1.8659,4362,198249529
123.218,8.1157,4.69459,0,54,59,0,2500,0,0,0,22.3547,11.9995,1.8659,4362,206365143
120.035,8.33088,4.69459,0,54,59,0,2500,0,0,0,22.3547,11.9995,1.8659,4362,214696387
116.918,8.55299,4.69459,0,54,59,0,2500,0,0,0,22.3547,11.9995,1.8659,4362,223249674
122.906,8.13627,4.69459,0,54,59,0,2500,0,0,0,22.3547,11.9995,1.8659,4362,231385743
118.777,8.41912,4.69459,0,54,59,0,2500,0,0,0,22.3547,11.9995,1.8659,4362,239805011
118.8,8.41749,4.69459,0,54,59,0,2500,0,0,0,22.3547,11.9995,1.8659,4362,248222723
119.615,8.36013,4.69459,0,54,59,0,2500,0,0,0,22.3547,11.9995,1.8659,4362,256582954
123.042,8.12732,4.69459,0,54,59,0,2500,0,0,0,22.3547,11.9995,1.8659,4362,264710264
119.47,8.37031,4.69459,0,54,59,0,2500,0,0,0,22.3547,11.9995,1.8659,4362,273080642
120.694,8.28539,4.69459,0,54,59,0,2500,0,0,0,22.3547,11.9995,1.8659,4362,281366232
117.245,8.52917,4.69459,0,54,59,0,2500,0,0,0,22.3547,11.9995,1.8659,4362,289895718
121.193,8.25127,4.69459,0,54,59,0,2500,0,0,0,22.3547,11.9995,1.8659,4362,298147220
121.552,8.22694,4.69459,0,54,59,0,2500,0,0,0,22.3547,11.9995,1.8659,4362,306374211
119.997,8.33357,4.69459,0,54,59,0,2500,0,0,0,22.3547,11.9995,1.8659,4362,314708622
117.957,8.47766,4.69459,0,54,59,0,2500,0,0,0,22.3547,11.9995,1.8659,4362,323186098
122.489,8.16402,4.69459,0,54,59,0,2500,0,0,0,22.3547,11.9995,1.8659,4362,331350108
118.513,8.43791,4.69459,0,54,59,0,2500,0,0,0,22.3547,11.9995,1.8659,4362,339788028
119.196,8.38953,4.69459,0,54,59,0,2500,0,0,0,22.3547,11.9995,1.8659,4362,348177975
121.992,8.19724,4.69459,0,54,59,0,2500,0,0,0,22.3547,11.9995,1.8659,4362,356375157
119.083,8.39748,4.69459,0,54,59,0,2500,0,0,0,22.3547,11.9995,1.8659,4362,364772710
119.312,8.38136,4.69459,0,54,59,0,2500,0,0,0,22.3547,11.9995,1.8659,4362,373154086
121.049,8.26115,4.69459,0,54,59,0,2500,0,0,0,22.3547,11.9995,1.8659,4362,381415476
120.849,8.2748,4.69459,0,54,59,0,2500,0,0,0,22.3547,11.9995,1.8659,4362,389690402
119.017,8.40217,4.69459,0,54,59,0,2500,0,0,0,22.3547,11.9995,1.8659,4362,398093637
119.993,8.33382,4.69459,0,54,59,0,2500,0,0,0,22.3547,11.9995,1.8659,4362,406427732
121.002,8.26431,4.69459,0,54,59,0,2500,0,0,0,22.3547,11.9995,1.8659,4362,414691685
117.071,8.54179,4.69459,0,54,59,0,2500,0,0,0,22.3547,11.9995,1.8659,4362,423233875
123.069,8.12553,4.69459,0,54,59,0,2500,0,0,0,22.3547,11.9995,1.8659,4362,431359291
117.505,8.51029,4.69459,0,54,59,0,2500,0,0,0,22.3547,11.9995,1.8659,4362,439869593
121.987,8.1976,4.69459,0,54,59,0,2500,0,0,0,22.3547,11.9995,1.8659,4362,448067293
120.135,8.32395,4.69459,0,54,59,0,2500,0,0,0,22.3547,11.9995,1.8659,4362,456391697
117.98,8.476,4.69459,0,54,59,0,2500,0,0,0,22.3547,11.9995,1.8659,4362,464867532
120.318,8.3113,4.69459,0,54,59,0,2500,0,0,0,22.3547,11.9995,1.8659,4362,473178849
122.073,8.19185,4.69459,0,54,59,0,2500,0,0,0,22.3547,11.9995,1.8659,4362,481370864
118.61,8.43099,4.69459,0,54,59,0,2500,0,0,0,22.3547,11.9995,1.8659,4362,489801887
119.887,8.34121,4.69459,0,54,59,0,2500,0,0,0,22.3547,11.9995,1.8659,4362,498143756
121.752,8.21342,4.69459,0,54,59,0,2500,0,0,0,22.3547,11.9995,1.8659,4362,506356909
119.706,8.3538,4.69459,0,54,59,0,2500,0,0,0,22.3547,11.9995,1.8659,4362,514714300
119.997,8.33355,16.9533,0,53,59,0,2500,0,0,0,22.3867,11.9991,1.86603,3674,523045033
120.158,8.32239,16.9533,0,53,59,0,2500,0,0,0,22.3867,11.9991,1.86603,3674,531367707
118.17,8.46236,16.9533,0,53,59,0,2500,0,0,0,22.3867,11.9991,1.86603,3674,539829923
122.068,8.19215,16.9533,0,53,59,0,2500,0,0,0,22.3867,11.9991,1.86603,3674,548022185
119.435,8.37276,16.9533,0,53,59,0,2500,0,0,0,22.3867,11.9991,1.86603,3674,556395096
117.646,8.50005,16.9533,0,53,59,0,2500,0,0,0,22.3867,11.9991,1.86603,3674,564895504
122.517,8.16213,16.9533,0,53,59,0,2500,0,0,0,22.3867,11.9991,1.86603,3674,573057432
119.531,8.36603,16.9533,0,53,59,0,2500,0,0,0,22.3867,11.9991,1.86603,3674,581424127
118.698,8.42475,16.9533,0,53,59,0,2500,0,0,0,22.3867,11.9991,1.86603,3674,589849422
118.978,8.40494,16.9533,0,53,59,0,2500,0,0,0,22.3867,11.9991,1.86603,3674,598254008
123.401,8.10369,16.9533,0,53,59,0,2500,0,0,0,22.3867,11.9991,1.86603,3674,606357612
118.352,8.4494,16.9533,0,53,59,0,2500,0,0,0,22.3867,11.9991,1.86603,3674,614807200
119.116,8.39518,16.9533,0,53,59,0,2500,0,0,0,22.3867,11.9991,1.86603,3674,623204630
121.179,8.25224,16.9533,0,53,59,0,2500,0,0,0,22.3867,11.9991,1.86603,3674,631456636
119.921,8.33883,16.9533,0,53,59,0,2500,0,0,0,22.3867,11.9991,1.86603,3674,639795674
119.912,8.33946,16.9533,0,53,59,0,2500,0,0,0,22.3867,11.9991,1.86603,3674,648135693
120.599,8.29196,16.9533,0,53,59,0,2500,0,0,0,22.3867,11.9991,1.86603,3674,656427611
119.467,8.37049,16.9533,0,53,59,0,2500,0,0,0,22.3867,11.9991,1.86603,3674,664798886
119.604,8.3609,16.9533,0,53,59,0,2500,0,0,0,22.3867,11.9991,1.86603,3674,673160176
121.892,8.20397,16.9533,0,53,59,0,2500,0,0,0,22.3867,11.9991,1.86603,3674,681363308
120.102,8.32624,16.9533,0,53,59,0,2500,0,0,0,22.3867,11.9991,1.86603,3674,689689701
118.174,8.46208,16.9533,0,53,59,0,2500,0,0,0,22.3867,11.9991,1.86603,3674,698152029
120.042,8.33039,16.9533,0,53,59,0,2500,0,0,0,22.3867,11.9991,1.86603,3674,706483977
120.497,8.29895,16.9533,0,53,59,0,2500,0,0,0,22.3867,11.9991,1.86603,3674,714783134
119.712,8.35339,16.9533,0,53,59,0,2500,0,0,0,22.3867,11.9991,1.86603,3674,723136930
119.722,8.35268,16.9533,0,53,59,0,2500,0,0,0,22.3867,11.9991,1.86603,3674,731490345
120.38,8.30706,16.9533,0,53,59,0,2500,0,0,0,22.3867,11.9991,1.86603,3674,739798048
119.815,8.3462,16.9533,0,53,59,0,2500,0,0,0,22.3867,11.9991,1.86603,3674,748144164
119.978,8.33484,16.9533,0,53,59,0,2500,0,0,0,22.3867,11.9991,1.86603,3674,756479652
120.047,8.33006,16.9533,0,53,59,0,2500,0,0,0,22.3867,11.9991,1.86603,3674,764809806
120.296,8.31286,16.9533,0,53,59,0,2500,0,0,0,22.3867,11.9991,1.86603,3674,773123176
120.042,8.33039,16.9533,0,53,59,0,2500,0,0,0,22.3867,11.9991,1.86603,3674,781453761
120.327,8.31071,16.9533,0,53,59,0,2500,0,0,0,22.3867,11.9991,1.86603,3674,789764721
118.91,8.40974,16.9533,0,53,59,0,2500,0,0,0,22.3867,11.9991,1.86603,3674,798175781
120.9,8.27132,16.9533,0,53,59,0,2500,0,0,0,22.3867,11.9991,1.86603,3674,806447678
118.751,8.421,16.9533,0,53,59,0,2500,0,0,0,22.3867,11.9991,1.86603,3674,814869279
119.629,8.35919,16.9533,0,53,59,0,2500,0,0,0,22.3867,11.9991,1.86603,3674,823229826
120.421,8.30422,16.9533,0,53,59,0,2500,0,0,0,22.3867,11.9991,1.86603,3674,831533890
120.95,8.26791,16.9533,0,53,59,0,2500,0,0,0,22.3867,11.9991,1.86603,3674,839802064
120.036,8.33084,16.9533,0,53,59,0,2500,0,0,0,22.3867,11.9991,1.86603,3674,848133773
119.607,8.36069,16.9533,0,53,59,0,2500,0,0,0,22.3867,11.9991,1.86603,3674,856494767
120.381,8.30693,16.9533,0,53,59,0,2500,0,0,0,22.3867,11.9991,1.86603,3674,864802140
120.258,8.31547,16.9533,0,53,59,0,2500,0,0,0,22.3867,11.9991,1.86603,3674,873117831
119.632,8.35898,16.9533,0,53,59,0,2500,0,0,0,22.3867,11.9991,1.86603,3674,881477217
119.767,8.34956,16.9533,0,53,59,0,2500,0,0,0,22.3867,11.9991,1.86603,3674,889827184
120.354,8.3088,16.9533,0,53,59,0,2500,0,0,0,22.3867,11.9991,1.86603,3674,898136124
120.837,8.27559,16.9533,0,53,59,0,2500,0,0,0,22.3867,11.9991,1.86603,3674,906411955
119.527,8.36631,16.9533,0,53,59,0,2500,0,0,0,22.3867,11.9991,1.86603,3674,914778545
119.573,8.36309,16.9533,0,53,59,0,2500,0,0,0,22.3867,11.9991,1.86603,3674,923142570
119.274,8.38403,16.9533,0,53,59,0,2500,0,0,0,22.3867,11.9991,1.86603,3674,931527799
119.798,8.34737,16.9533,0,53,59,0,2500,0,0,0,22.3867,11.9991,1.86603,3674,939875486
120.673,8.28683,16.9533,0,53,59,0,2500,0,0,0,22.3867,11.9991,1.86603,3674,948162386
119.907,8.33978,16.9533,0,53,59,0,2500,0,0,0,22.3867,11.9991,1.86603,3674,956502685
120.8,8.27817,16.9533,0,53,59,0,2500,0,0,0,22.3867,11.9991,1.86603,3674,964781005
120.036,8.33081,16.9533,0,53,59,0,2500,0,0,0,22.3867,11.9991,1.86603,3674,973112262
120.248,8.31611,16.9533,0,53,59,0,2500,0,0,0,22.3867,11.9991,1.86603,3674,981428419
119.241,8.38635,16.9533,0,53,59,0,2500,0,0,0,22.3867,11.9991,1.86603,3674,989815269
120.433,8.30334,16.9533,0,53,59,0,2500,0,0,0,22.3867,11.9991,1.86603,3674,998118917
119.798,8.3474,16.9533,0,53,59,0,2500,0,0,0,22.3867,11.9991,1.86603,3674,1006466539
120.592,8.29241,16.9533,0,53,59,0,2500,0,0,0,22.3867,11.9991,1.86603,3674,1014762547
119.156,8.39233,19.1067,0,54,49,0,2500,0,0,0,22.3865,11.9976,1.86665,2095,1023151820
120.886,8.27226,19.1067,0,54,49,0,2500,0,0,0,22.3865,11.9976,1.86665,2095,1031424776
118.785,8.41857,19.1067,0,54,49,0,2500,0,0,0,22.3865,11.9976,1.86665,2095,1039844339
121.077,8.25922,19.1067,0,54,49,0,2500,0,0,0,22.3865,11.9976,1.86665,2095,1048103468
120.052,8.32975,19.1067,0,54,49,0,2500,0,0,0,22.3865,11.9976,1.86665,2095,1056433330
120.01,8.33264,19.1067,0,54,49,0,2500,0,0,0,22.3865,11.9976,1.86665,2095,1064766441
119.223,8.38765,19.1067,0,54,49,0,2500,0,0,0,22.3865,11.9976,1.86665,2095,1073155188
120.483,8.29995,19.1067,0,54,49,0,2500,0,0,0,22.3865,11.9976,1.86665,2095,1081455056
119.16,8.39205,19.1067,0,54,49,0,2500,0,0,0,22.3865,11.9976,1.86665,2095,1089847575
120.623,8.29026,19.1067,0,54,49,0,2500,0,0,0,22.3865,11.9976,1.86665,2095,1098138256
120.222,8.31798,19.1067,0,54,49,0,2500,0,0,0,22.3865,11.9976,1.86665,2095,1106456814
119.664,8.3567,19.1067,0,54,49,0,2500,0,0,0,22.3865,11.9976,1.86665,2095,1114813472
119.239,8.38654,19.1067,0,54,49,0,2500,0,0,0,22.3865,11.9976,1.86665,2095,1123200574
121.187,8.25168,19.1067,0,54,49,0,2500,0,0,0,22.3865,11.9976,1.86665,2095,1131452910
119.838,8.34462,19.1067,0,54,49,0,2500,0,0,0,22.3865,11.9976,1.86665,2095,1139797377
117.798,8.48911,19.1067,0,54,49,0,2500,0,0,0,22.3865,11.9976,1.86665,2095,1148286403
122.167,8.18553,19.1067,0,54,49,0,2500,0,0,0,22.3865,11.9976,1.86665,2095,1156471929
120.802,8.27802,19.1067,0,54,49,0,2500,0,0,0,22.3865,11.9976,1.86665,2095,1164750175
119.092,8.39686,19.1067,0,54,49,0,2500,0,0,0,22.3865,11.9976,1.86665,2095,1173146999
121.35,8.24063,19.1067,0,54,49,0,2500,0,0,0,22.3865,11.9976,1.86665,2095,1181387784
118.813,8.41662,19.1067,0,54,49,0,2500,0,0,0,22.3865,11.9976,1.86665,2095,1189804445
121.095,8.25795,19.1067,0,54,49,0,2500,0,0,0,22.3865,11.9976,1.86665,2095,1198062561
120.1,8.32641,19.1067,0,54,49,0,2500,0,0,0,22.3865,11.9976,1.86665,2095,1206389186
117.683,8.49739,19.1067,0,54,49,0,2500,0,0,0,22.3865,11.9976,1.86665,2095,1214886687
121.361,8.23986,19.1067,0,54,49,0,2500,0,0,0,22.3865,11.9976,1.86665,2095,1223126780
120.716,8.28389,19.1067,0,54,49,0,2500,0,0,0,22.3865,11.9976,1.86665,2095,1231410657
118.042,8.47159,19.1067,0,54,49,0,2500,0,0,0,22.3865,11.9976,1.86665,2095,1239882627
119.416,8.3741,19.1067,0,54,49,0,2500,0,0,0,22.3865,11.9976,1.86665,2095,1248256729
120.198,8.31959,19.1067,0,54,49,0,2500,0,0,0,22.3865,11.9976,1.86665,2095,1256576366
119.301,8.38219,19.1067,0,54,49,0,2500,0,0,0,22.3865,11.9976,1.86665,2095,1264961386
122.275,8.17831,19.1067,0,54,49,0,2500,0,0,0,22.3865,11.9976,1.86665,2095,1273138350
121.354,8.24035,19.1067,0,54,49,0,2500,0,0,0,22.3865,11.9976,1.86665,2095,1281378586
119.6,8.3612,19.1067,0,54,49,0,2500,0,0,0,22.3865,11.9976,1.86665,2095,1289739878
117.217,8.53117,19.1067,0,54,49,0,2500,0,0,0,22.3865,11.9976,1.86665,2095,1298271881
123.317,8.10916,19.1067,0,54,49,0,2500,0,0,0,22.3865,11.9976,1.86665,2095,1306380583
118.842,8.41456,19.1067,0,54,49,0,2500,0,0,0,22.3865,11.9976,1.86665,2095,1314795350
118.834,8.41507,19.1067,0,54,49,0,2500,0,0,0,22.3865,11.9976,1.86665,2095,1323211037
122.088,8.19083,19.1067,0,54,49,0,2500,0,0,0,22.3865,11.9976,1.86665,2095,1331401718
119.412,8.37436,19.1067,0,54,49,0,2500,0,0,0,22.3865,11.9976,1.86665,2095,1339776520
120.226,8.31764,19.1067,0,54,49,0,2500,0,0,0,22.3865,11.9976,1.86665,2095,1348093948
120.478,8.30027,19.1067,0,54,49,0,2500,0,0,0,22.3865,11.9976,1.86665,2095,1356394464
117.131,8.53741,19.1067,0,54,49,0,2500,0,0,0,22.3865,11.9976,1.86665,2095,1364932173
122.181,8.18459,19.1067,0,54,49,0,2500,0,0,0,22.3865,11.9976,1.86665,2095,1373116917
120.455,8.30187,19.1067,0,54,49,0,2500,0,0,0,22.3865,11.9976,1.86665,2095,1381418911
119.314,8.38125,19.1067,0,54,49,0,2500,0,0,0,22.3865,11.9976,1.86665,2095,1389800294
119.486,8.36918,19.1067,0,54,49,0,2500,0,0,0,22.3865,11.9976,1.86665,2095,1398170171
121.363,8.23974,19.1067,0,54,49,0,2500,0,0,0,22.3865,11.9976,1.86665,2095,1406409842
119.632,8.35894,19.1067,0,54,49,0,2500,0,0,0,22.3865,11.9976,1.86665,2095,1414768734
119.512,8.36736,19.1067,0,54,49,0,2500,0,0,0,22.3865,11.9976,1.86665,2095,1423136231
119.742,8.35132,19.1067,0,54,49,0,2500,0,0,0,22.3865,11.9976,1.86665,2095,1431488087
120.661,8.28768,19.1067,0,54,49,0,2500,0,0,0,22.3865,11.9976,1.86665,2095,1439775771
118.645,8.42851,19.1067,0,54,49,0,2500,0,0,0,22.3865,11.9976,1.86665,2095,1448206143
120.779,8.27955,19.1067,0,54,49,0,2500,0,0,0,22.3865,11.9976,1.86665,2095,1456485547
120.721,8.28357,19.1067,0,54,49,0,2500,0,0,0,22.3865,11.9976,1.86665,2095,1464768980
120.077,8.32801,19.1067,0,54,49,0,2500,0,0,0,22.3865,11.9976,1.86665,2095,1473097121
120.47,8.30083,19.1067,0,54,49,0,2500,0,0,0,22.3865,11.9976,1.86665,2095,1481398132
119.337,8.37962,19.1067,0,54,49,0,2500,0,0,0,22.3865,11.9976,1.86665,2095,1489778355
119.314,8.38123,19.1067,0,54,49,0,2500,0,0,0,22.3865,11.9976,1.86665,2095,1498160662
121.019,8.26318,19.1067,0,54,49,0,2500,0,0,0,22.3865,11.9976,1.86665,2095,1506423320
119.59,8.36193,19.1067,0,54,49,0,2500,0,0,0,22.3865,11.9976,1.86665,2095,1514789130
119.967,8.33563,9.95025,0,53,49,0,2500,0,0,0,22.3865,11.9976,1.86665,4102,1523121225
120.332,8.31036,9.95025,0,53,49,0,2500,0,0,0,22.3865,11.9976,1.86665,4102,1531431984
119.789,8.34804,9.95025,0,53,49,0,2500,0,0,0,22.3865,11.9976,1.86665,4102,1539780637
119.701,8.35413,9.95025,0,53,49,0,2500,0,0,0,22.3865,11.9976,1.86665,4102,1548134743
120.927,8.26943,9.95025,0,53,49,0,2500,0,0,0,22.3865,11.9976,1.86665,4102,1556403935
120.085,8.32746,9.95025,0,53,49,0,2500,0,0,0,22.3865,11.9976,1.86665,4102,1564731564
119.66,8.35699,9.95025,0,53,49,0,2500,0,0,0,22.3865,11.9976,1.86665,4102,1573088597
120.118,8.32514,9.95025,0,53,49,0,2500,0,0,0,22.3865,11.9976,1.86665,4102,1581414003
120.193,8.31995,9.95025,0,53,49,0,2500,0,0,0,22.3865,11.9976,1.86665,4102,1589733949
119.419,8.37387,9.95025,0,53,49,0,2500,0,0,0,22.3865,11.9976,1.86665,4102,1598108278
119.728,8.35225,9.95025,0,53,49,0,2500,0,0,0,22.3865,11.9976,1.86665,4102,1606461532
119.661,8.35691,9.95025,0,53,49,0,2500,0,0,0,22.3865,11.9976,1.86665,4102,1614818899
119.475,8.36992,9.95025,0,53,49,0,2500,0,0,0,22.3865,11.9976,1.86665,4102,1623189656
120.653,8.28822,9.95025,0,53,49,0,2500,0,0,0,22.3865,11.9976,1.86665,4102,1631478264
120.763,8.28071,9.95025,0,53,49,0,2500,0,0,0,22.3865,11.9976,1.86665,4102,1639758565
118.85,8.41399,9.95025,0,53,49,0,2500,0,0,0,22.3865,11.9976,1.86665,4102,1648173393
120.714,8.28406,9.95025,0,53,49,0,2500,0,0,0,22.3865,11.9976,1.86665,4102,1656457787
120.294,8.31295,9.95025,0,53,49,0,2500,0,0,0,22.3865,11.9976,1.86665,4102,1664770838
119.79,8.34797,9.95025,0,53,49,0,2500,0,0,0,22.3865,11.9976,1.86665,4102,1673119138
119.007,8.4029,9.95025,0,53,49,0,2500,0,0,0,22.3865,11.9976,1.86665,4102,1681522723
120.433,8.30338,9.95025,0,53,49,0,2500,0,0,0,22.3865,11.9976,1.86665,4102,1689826235
120.326,8.31076,9.95025,0,53,49,0,2500,0,0,0,22.3865,11.9976,1.86665,4102,1698137099
120.645,8.28876,9.95025,0,53,49,0,2500,0,0,0,22.3865,11.9976,1.86665,4102,1706425599
119.223,8.38761,9.95025,0,53,49,0,2500,0,0,0,22.3865,11.9976,1.86665,4102,1714814124
120.627,8.29003,9.95025,0,53,49,0,2500,0,0,0,22.3865,11.9976,1.86665,4102,1723104407
119.517,8.36699,9.95025,0,53,49,0,2500,0,0,0,22.3865,11.9976,1.86665,4102,1731471960
120.549,8.29541,9.95025,0,53,49,0,2500,0,0,0,22.3865,11.9976,1.86665,4102,1739767234
117.857,8.48486,9.95025,0,53,49,0,2500,0,0,0,22.3865,11.9976,1.86665,4102,1748253337
121.895,8.20378,9.95025,0,53,49,0,2500,0,0,0,22.3865,11.9976,1.86665,4102,1756457294
119.038,8.40069,9.95025,0,53,49,0,2500,0,0,0,22.3865,11.9976,1.86665,4102,1764859204
119.718,8.35296,9.95025,0,53,49,0,2500,0,0,0,22.3865,11.9976,1.86665,4102,1773212303
120.479,8.3002,9.95025,0,53,49,0,2500,0,0,0,22.3865,11.9976,1.86665,4102,1781513314
120.104,8.32609,9.95025,0,53,49,0,2500,0,0,0,22.3865,11.9976,1.86665,4102,1789839057
119.991,8.33396,9.95025,0,53,49,0,2500,0,0,0,22.3865,11.9976,1.86665,4102,1798173433
120.615,8.29084,9.95025,0,53,49,0,2500,0,0,0,22.3865,11.9976,1.86665,4102,1806464557
118.095,8.46777,9.95025,0,53,49,0,2500,0,0,0,22.3865,11.9976,1.86665,4102,1814933818
118.606,8.43128,9.95025,0,53,49,0,2500,0,0,0,22.3865,11.9976,1.86665,4102,1823365856
121.225,8.24911,9.95025,0,53,49,0,2500,0,0,0,22.3865,11.9976,1.86665,4102,1831615473
122.114,8.18904,9.95025,0,53,49,0,2500,0,0,0,22.3865,11.9976,1.86665,4102,1839803936
119.242,8.38632,9.95025,0,53,49,0,2500,0,0,0,22.3865,11.9976,1.86665,4102,1848191597
120.759,8.28095,9.95025,0,53,49,0,2500,0,0,0,22.3865,11.9976,1.86665,4102,1856472538
120.369,8.30779,9.95025,0,53,49,0,2500,0,0,0,22.3865,11.9976,1.86665,4102,1864780378
119.124,8.3946,9.95025,0,53,49,0,2500,0,0,0,22.3865,11.9976,1.86665,4102,1873175048
119.851,8.34367,9.95025,0,53,49,0,2500,0,0,0,22.3865,11.9976,1.86665,4102,1881519660
121.358,8.24006,9.95025,0,53,49,0,2500,0,0,0,22.3865,11.9976,1.86665,4102,1889759071
119.845,8.34411,9.95025,0,53,49,0,2500,0,0,0,22.3865,11.9976,1.86665,4102,1898103230
119.074,8.39814,9.95025,0,53,49,0,2500,0,0,0,22.3865,11.9976,1.86665,4102,1906502421
119.549,8.36475,9.95025,0,53,49,0,2500,0,0,0,22.3865,11.9976,1.86665,4102,1914867845
120.01,8.33265,9.95025,0,53,49,0,2500,0,0,0,22.3865,11.9976,1.86665,4102,1923201094
120.482,8.30001,9.95025,0,53,49,0,2500,0,0,0,22.3865,11.9976,1.86665,4102,1931501409
120.471,8.30073,9.95025,0,53,49,0,2500,0,0,0,22.3865,11.9976,1.86665,4102,1939801830
118.984,8.40449,9.95025,0,53,49,0,2500,0,0,0,22.3865,11.9976,1.86665,4102,1948207782
120.934,8.269,9.95025,0,53,49,0,2500,0,0,0,22.3865,11.9976,1.86665,4102,1956476441
119.468,8.37047,9.95025,0,53,49,0,2500,0,0,0,22.3865,11.9976,1.86665,4102,1964847373
119.186,8.39026,9.95025,0,53,49,0,2500,0,0,0,22.3865,11.9976,1.86665,4102,1973237893
120.709,8.28436,9.95025,0,53,49,0,2500,0,0,0,22.3865,11.9976,1.86665,4102,1981522598
120.174,8.32127,9.95025,0,53,49,0,2500,0,0,0,22.3865,11.9976,1.86665,4102,1989844187
120.236,8.317,9.95025,0,53,49,0,2500,0,0,0,22.3865,11.9976,1.86665,4102,1998161379
118.463,8.44147,9.95025,0,53,49,0,2500,0,0,0,22.3865,11.9976,1.86665,4102,2006603912
119.769,8.3494,9.95025,0,53,49,0,2500,0,0,0,22.3865,11.9976,1.86665,4102,2014958797
120.194,8.31987,10.7232,0,54,51,0,2350,0,0,0,22.3768,11.9976,1.86666,4387,2023274888
120.038,8.33067,10.7232,0,54,51,0,2350,0,0,0,22.3768,11.9976,1.86666,4387,2031606449
119.696,8.35449,10.7232,0,54,51,0,2350,0,0,0,22.3768,11.9976,1.86666,4387,2039961119
120.364,8.30816,10.7232,0,54,51,0,2350,0,0,0,22.3768,11.9976,1.86666,4387,2048269644
120.236,8.31698,10.7232,0,54,51,0,2350,0,0,0,22.3768,11.9976,1.86666,4387,2056587001
119.963,8.33588,10.7232,0,54,51,0,2350,0,0,0,22.3768,11.9976,1.86666,4387,2064923315
120.793,8.27859,10.7232,0,54,51,0,2350,0,0,0,22.3768,11.9976,1.86666,4387,2073202129
119.999,8.3334,10.7232,0,54,51,0,2350,0,0,0,22.3768,11.9976,1.86666,4387,2081536136
119.509,8.36756,10.7232,0,54,51,0,2350,0,0,0,22.3768,11.9976,1.86666,4387,2089903793
120.082,8.32764,10.7232,0,54,51,0,2350,0,0,0,22.3768,11.9976,1.86666,4387,2098232413
120.336,8.31006,10.7232,0,54,51,0,2350,0,0,0,22.3768,11.9976,1.86666,4387,2106542678
119.843,8.34425,10.7232,0,54,51,0,2350,0,0,0,22.3768,11.9976,1.86666,4387,2114887945
119.501,8.36813,10.7232,0,54,51,0,2350,0,0,0,22.3768,11.9976,1.86666,4387,2123256140
120.882,8.27254,10.7232,0,54,51,0,2350,0,0,0,22.3768,11.9976,1.86666,4387,2131529134
119.832,8.34503,10.7232,0,54,51,0,2350,0,0,0,22.3768,11.9976,1.86666,4387,2139874484
120.09,8.32711,10.7232,0,54,51,0,2350,0,0,0,22.3768,11.9976,1.86666,4387,2148202114
120.188,8.32027,10.7232,0,54,51,0,2350,0,0,0,22.3768,11.9976,1.86666,4387,2156522848
119.96,8.33611,10.7232,0,54,51,0,2350,0,0,0,22.3768,11.9976,1.86666,4387,2164858767
119.799,8.34735,10.7232,0,54,51,0,2350,0,0,0,22.3768,11.9976,1.86666,4387,2173206446
120.076,8.32806,10.7232,0,54,51,0,2350,0,0,0,22.3768,11.9976,1.86666,4387,2181534865
119.644,8.35813,10.7232,0,54,51,0,2350,0,0,0,22.3768,11.9976,1.86666,4387,2189893114
120.455,8.30188,10.7232,0,54,51,0,2350,0,0,0,22.3768,11.9976,1.86666,4387,2198195436
120.137,8.32386,10.7232,0,54,51,0,2350,0,0,0,22.3768,11.9976,1.86666,4387,2206519656
119.663,8.35677,10.7232,0,54,51,0,2350,0,0,0,22.3768,11.9976,1.86666,4387,2214877193
120.01,8.33266,10.7232,0,54,51,0,2350,0,0,0,22.3768,11.9976,1.86666,4387,2223210025
119.817,8.34605,10.7232,0,54,51,0,2350,0,0,0,22.3768,11.9976,1.86666,4387,2231556534
121.07,8.25969,10.7232,0,54,51,0,2350,0,0,0,22.3768,11.9976,1.86666,4387,2239816351
119.204,8.38898,10.7232,0,54,51,0,2350,0,0,0,22.3768,11.9976,1.86666,4387,2248206179
119.829,8.34523,10.7232,0,54,51,0,2350,0,0,0,22.3768,11.9976,1.86666,4387,2256551639
119.699,8.35429,10.7232,0,54,51,0,2350,0,0,0,22.3768,11.9976,1.86666,4387,2264906659
120.832,8.27594,10.7232,0,54,51,0,2350,0,0,0,22.3768,11.9976,1.86666,4387,2273183420
120.12,8.32504,10.7232,0,54,51,0,2350,0,0,0,22.3768,11.9976,1.86666,4387,2281508168
120.503,8.29858,10.7232,0,54,51,0,2350,0,0,0,22.3768,11.9976,1.86666,4387,2289806525
119.469,8.37039,10.7232,0,54,51,0,2350,0,0,0,22.3768,11.9976,1.86666,4387,2298177335
120.614,8.29091,10.7232,0,54,51,0,2350,0,0,0,22.3768,11.9976,1.86666,4387,2306468314
119.334,8.37987,10.7232,0,54,51,0,2350,0,0,0,22.3768,11.9976,1.86666,4387,2314849305
120.174,8.32128,10.7232,0,54,51,0,2350,0,0,0,22.3768,11.9976,1.86666,4387,2323170650
119.407,8.37473,10.7232,0,54,51,0,2350,0,0,0,22.3768,11.9976,1.86666,4387,2331545736
120.274,8.31437,10.7232,0,54,51,0,2350,0,0,0,22.3768,11.9976,1.86666,4387,2339860375
120.116,8.32526,10.7232,0,54,51,0,2350,0,0,0,22.3768,11.9976,1.86666,4387,2348186197
120.152,8.32278,10.7232,0,54,51,0,2350,0,0,0,22.3768,11.9976,1.86666,4387,2356509569
119.777,8.34885,10.7232,0,54,51,0,2350,0,0,0,22.3768,11.9976,1.86666,4387,2364858807
119.671,8.35623,10.7232,0,54,51,0,2350,0,0,0,22.3768,11.9976,1.86666,4387,2373215771
120.331,8.31043,10.7232,0,54,51,0,2350,0,0,0,22.3768,11.9976,1.86666,4387,2381525850
117.937,8.47912,10.7232,0,54,51,0,2350,0,0,0,22.3768,11.9976,1.86666,4387,2390007378
120.415,8.30463,10.7232,0,54,51,0,2350,0,0,0,22.3768,11.9976,1.86666,4387,2398310097
120.262,8.31515,10.7232,0,54,51,0,2350,0,0,0,22.3768,11.9976,1.86666,4387,2406625387
121.319,8.24274,10.7232,0,54,51,0,2350,0,0,0,22.3768,11.9976,1.86666,4387,2414868554
118.878,8.41196,10.7232,0,54,51,0,2350,0,0,0,22.3768,11.9976,1.86666,4387,2423280629
122.67,8.15199,10.7232,0,54,51,0,2350,0,0,0,22.3768,11.9976,1.86666,4387,2431432541
117.878,8.48335,10.7232,0,54,51,0,2350,0,0,0,22.3768,11.9976,1.86666,4387,2439916036
121.75,8.21357,10.7232,0,54,51,0,2350,0,0,0,22.3768,11.9976,1.86666,4387,2448130569
117.818,8.48769,10.7232,0,54,51,0,2350,0,0,0,22.3768,11.9976,1.86666,4387,2456618006
119.642,8.35827,10.7232,0,54,51,0,2350,0,0,0,22.3768,11.9976,1.86666,4387,2464976232
120.236,8.31695,10.7232,0,54,51,0,2350,0,0,0,22.3768,11.9976,1.86666,4387,2473293425
120.364,8.30813,10.7232,0,54,51,0,2350,0,0,0,22.3768,11.9976,1.86666,4387,2481603258
121.082,8.2589,10.7232,0,54,51,0,2350,0,0,0,22.3768,11.9976,1.86666,4387,2489861238
120.026,8.33156,10.7232,0,54,51,0,2350,0,0,0,22.3768,11.9976,1.86666,4387,2498193313
119.761,8.34993,10.7232,0,54,51,0,2350,0,0,0,22.3768,11.9976,1.86666,4387,2506543691
119.941,8.33747,10.7232,0,54,51,0,2350,0,0,0,22.3768,11.9976,1.86666,4387,2514882297
120.148,8.32304,10.7232,0,54,51,0,2350,0,0,0,22.3768,11.9976,1.86666,4387,2523208913
119.979,8.33482,11.4914,0,58,51,0,2250,0,0,0,22.377,11.9976,1.86666,3301,2531540336
119.959,8.33618,11.4914,0,58,51,0,2250,0,0,0,22.377,11.9976,1.86666,3301,2539877188
119.649,8.35776,11.4914,0,58,51,0,2250,0,0,0,22.377,11.9976,1.86666,3301,2548235549
120.091,8.32702,11.4914,0,58,51,0,2250,0,0,0,22.377,11.9976,1.86666,3301,2556562857
119.77,8.34933,11.4914,0,58,51,0,2250,0,0,0,22.377,11.9976,1.86666,3301,2564912338
119.834,8.34489,11.4914,0,58,51,0,2250,0,0,0,22.377,11.9976,1.86666,3301,2573257787
120.704,8.28473,11.4914,0,58,51,0,2250,0,0,0,22.377,11.9976,1.86666,3301,2581542589
118.877,8.41208,11.4914,0,58,51,0,2250,0,0,0,22.377,11.9976,1.86666,3301,2589955881
120.198,8.31962,11.4914,0,58,51,0,2250,0,0,0,22.377,11.9976,1.86666,3301,2598274644
122.629,8.15467,11.4914,0,58,51,0,2250,0,0,0,22.377,11.9976,1.86666,3301,2606429253
117.508,8.51004,11.4914,0,58,51,0,2250,0,0,0,22.377,11.9976,1.86666,3301,2614939549
121.415,8.23621,11.4914,0,58,51,0,2250,0,0,0,22.377,11.9976,1.86666,3301,2623175903
121.216,8.24972,11.4914,0,58,51,0,2250,0,0,0,22.377,11.9976,1.86666,3301,2631425483
118.518,8.43756,11.4914,0,58,51,0,2250,0,0,0,22.377,11.9976,1.86666,3301,2639863616
120.673,8.28684,11.4914,0,58,51,0,2250,0,0,0,22.377,11.9976,1.86666,3301,2648150556
120.191,8.32012,11.4914,0,58,51,0,2250,0,0,0,22.377,11.9976,1.86666,3301,2656470923
120.388,8.30648,11.4914,0,58,51,0,2250,0,0,0,22.377,11.9976,1.86666,3301,2664777602
119.773,8.3491,11.4914,0,58,51,0,2250,0,0,0,22.377,11.9976,1.86666,3301,2673127261
119.028,8.40141,11.4914,0,58,51,0,2250,0,0,0,22.377,11.9976,1.86666,3301,2681529168
118.896,8.41073,11.4914,0,58,51,0,2250,0,0,0,22.377,11.9976,1.86666,3301,2689940040
121.274,8.24578,11.4914,0,58,51,0,2250,0,0,0,22.377,11.9976,1.86666,3301,2698185987
119.615,8.36018,11.4914,0,58,51,0,2250,0,0,0,22.377,11.9976,1.86666,3301,2706547136
121.104,8.25734,11.4914,0,58,51,0,2250,0,0,0,22.377,11.9976,1.86666,3301,2714803498
118.694,8.42501,11.4914,0,58,51,0,2250,0,0,0,22.377,11.9976,1.86666,3301,2723228645
120.122,8.32485,11.4914,0,58,51,0,2250,0,0,0,22.377,11.9976,1.86666,3301,2731553675
119.714,8.35328,11.4914,0,58,51,0,2250,0,0,0,22.377,11.9976,1.86666,3301,2739906963
120.236,8.317,11.4914,0,58,51,0,2250,0,0,0,22.377,11.9976,1.86666,3301,2748224030
121.611,8.22293,11.4914,0,58,51,0,2250,0,0,0,22.377,11.9976,1.86666,3301,2756447171
118.085,8.46849,11.4914,0,58,51,0,2250,0,0,0,22.377,11.9976,1.86666,3301,2764915761
122.001,8.19662,11.4914,0,58,51,0,2250,0,0,0,22.377,11.9976,1.86666,3301,2773112541
120.24,8.31668,11.4914,0,58,51,0,2250,0,0,0,22.377,11.9976,1.86666,3301,2781429018
118.334,8.45063,11.4914,0,58,51,0,2250,0,0,0,22.377,11.9976,1.86666,3301,2789879842
119.998,8.33349,11.4914,0,58,51,0,2250,0,0,0,22.377,11.9976,1.86666,3301,2798213435
120.113,8.32551,11.4914,0,58,51,0,2250,0,0,0,22.377,11.9976,1.86666,3301,2806541071
120.165,8.32189,11.4914,0,58,51,0,2250,0,0,0,22.377,11.9976,1.86666,3301,2814862338
119.088,8.39718,11.4914,0,58,51,0,2250,0,0,0,22.377,11.9976,1.86666,3301,2823259795
121.672,8.2188,11.4914,0,58,51,0,2250,0,0,0,22.377,11.9976,1.86666,3301,2831479008
119.609,8.36059,11.4914,0,58,51,0,2250,0,0,0,22.377,11.9976,1.86666,3301,2839839763
117.524,8.50891,11.4914,0,58,51,0,2250,0,0,0,22.377,11.9976,1.86666,3301,2848348694
123.022,8.12863,11.4914,0,58,51,0,2250,0,0,0,22.377,11.9976,1.86666,3301,2856477521
117.69,8.49686,11.4914,0,58,51,0,2250,0,0,0,22.377,11.9976,1.86666,3301,2864974497
122.477,8.16479,11.4914,0,58,51,0,2250,0,0,0,22.377,11.9976,1.86666,3301,2873139402
119.512,8.36738,11.4914,0,58,51,0,2250,0,0,0,22.377,11.9976,1.86666,3301,2881507231
117.494,8.51104,11.4914,0,58,51,0,2250,0,0,0,22.377,11.9976,1.86666,3301,2890018843
122.308,8.17605,11.4914,0,58,51,0,2250,0,0,0,22.377,11.9976,1.86666,3301,2898194985
120.502,8.29865,11.4914,0,58,51,0,2250,0,0,0,22.377,11.9976,1.86666,3301,2906493348
120.6,8.29186,11.4914,0,58,51,0,2250,0,0,0,22.377,11.9976,1.86666,3301,2914785219
117.191,8.53309,11.4914,0,58,51,0,2250,0,0,0,22.377,11.9976,1.86666,3301,2923318517
122.905,8.1364,11.4914,0,58,51,0,2250,0,0,0,22.377,11.9976,1.86666,3301,2931454906
119.965,8.3358,11.4914,0,58,51,0,2250,0,0,0,22.377,11.9976,1.86666,3301,2939790867
117.538,8.50786,11.4914,0,58,51,0,2250,0,0,0,22.377,11.9976,1.86666,3301,2948298859
123.032,8.12794,11.4914,0,58,51,0,2250,0,0,0,22.377,11.9976,1.86666,3301,2956426779
116.676,8.57071,11.4914,0,58,51,0,2250,0,0,0,22.377,11.9976,1.86666,3301,2964997677
123.254,8.11335,11.4914,0,58,51,0,2250,0,0,0,22.377,11.9976,1.86666,3301,2973111096
119.706,8.35382,11.4914,0,58,51,0,2250,0,0,0,22.377,11.9976,1.86666,3301,2981465074
120.486,8.29973,11.4914,0,58,51,0,2250,0,0,0,22.377,11.9976,1.86666,3301,2989764954
116.777,8.5633,11.4914,0,58,51,0,2250,0,0,0,22.377,11.9976,1.86666,3301,2998328481
120.729,8.28301,11.4914,0,58,51,0,2250,0,0,0,22.377,11.9976,1.86666,3301,3006613277
120.329,8.31054,11.4914,0,58,51,0,2250,0,0,0,22.377,11.9976,1.86666,3301,3014923900
119.448,8.37187,11.4914,0,58,51,0,2250,0,0,0,22.377,11.9976,1.86666,3301,3023299644
121.459,8.23321,12.1287,0,59,49,0,2200,0,0,0,22.3865,11.9974,1.86626,3134,3031529549
120.01,8.33262,12.1287,0,59,49,0,2200,0,0,0,22.3865,11.9974,1.86626,3134,3039862167
117.513,8.50971,12.1287,0,59,49,0,2200,0,0,0,22.3865,11.9974,1.86626,3134,3048372218
121.639,8.22104,12.1287,0,59,49,0,2200,0,0,0,22.3865,11.9974,1.86626,3134,3056593188
119.572,8.36319,12.1287,0,59,49,0,2200,0,0,0,22.3865,11.9974,1.86626,3134,3064956675
120.35,8.3091,12.1287,0,59,49,0,2200,0,0,0,22.3865,11.9974,1.86626,3134,3073265916
121.27,8.24604,12.1287,0,59,49,0,2200,0,0,0,22.3865,11.9974,1.86626,3134,3081512428
119.499,8.36824,12.1287,0,59,49,0,2200,0,0,0,22.3865,11.9974,1.86626,3134,3089880426
120.065,8.32881,12.1287,0,59,49,0,2200,0,0,0,22.3865,11.9974,1.86626,3134,3098209351
121.427,8.2354,12.1287,0,59,49,0,2200,0,0,0,22.3865,11.9974,1.86626,3134,3106444693
119.423,8.37356,12.1287,0,59,49,0,2200,0,0,0,22.3865,11.9974,1.86626,3134,3114818586
118.187,8.46117,12.1287,0,59,49,0,2200,0,0,0,22.3865,11.9974,1.86626,3134,3123279786
121.791,8.21081,12.1287,0,59,49,0,2200,0,0,0,22.3865,11.9974,1.86626,3134,3131490862
120.174,8.32126,12.1287,0,59,49,0,2200,0,0,0,22.3865,11.9974,1.86626,3134,3139812397
119.802,8.34709,12.1287,0,59,49,0,2200,0,0,0,22.3865,11.9974,1.86626,3134,3148160043
119.46,8.37101,12.1287,0,59,49,0,2200,0,0,0,22.3865,11.9974,1.86626,3134,3156530926
120.388,8.30649,12.1287,0,59,49,0,2200,0,0,0,22.3865,11.9974,1.86626,3134,3164837484
120.588,8.2927,12.1287,0,59,49,0,2200,0,0,0,22.3865,11.9974,1.86626,3134,3173130026
119.611,8.36047,12.1287,0,59,49,0,2200,0,0,0,22.3865,11.9974,1.86626,3134,3181490911
119.98,8.33474,12.1287,0,59,49,0,2200,0,0,0,22.3865,11.9974,1.86626,3134,3189826538
119.927,8.33841,12.1287,0,59,49,0,2200,0,0,0,22.3865,11.9974,1.86626,3134,3198164459
119.634,8.35884,12.1287,0,59,49,0,2200,0,0,0,22.3865,11.9974,1.86626,3134,3206523428
120.611,8.29112,12.1287,0,59,49,0,2200,0,0,0,22.3865,11.9974,1.86626,3134,3214814930
117.075,8.54155,12.1287,0,59,49,0,2200,0,0,0,22.3865,11.9974,1.86626,3134,3223356723
123.192,8.11742,12.1287,0,59,49,0,2200,0,0,0,22.3865,11.9974,1.86626,3134,3231473966
118.856,8.41354,12.1287,0,59,49,0,2200,0,0,0,22.3865,11.9974,1.86626,3134,3239887845
118.268,8.45537,12.1287,0,59,49,0,2200,0,0,0,22.3865,11.9974,1.86626,3134,3248343653
123.293,8.11075,12.1287,0,59,49,0,2200,0,0,0,22.3865,11.9974,1.86626,3134,3256454027
119.207,8.38878,12.1287,0,59,49,0,2200,0,0,0,22.3865,11.9974,1.86626,3134,3264843164
119.228,8.3873,12.1287,0,59,49,0,2200,0,0,0,22.3865,11.9974,1.86626,3134,3273230645
120.541,8.29596,12.1287,0,59,49,0,2200,0,0,0,22.3865,11.9974,1.86626,3134,3281526842
119.173,8.39116,12.1287,0,59,49,0,2200,0,0,0,22.3865,11.9974,1.86626,3134,3289917898
122.051,8.19329,12.1287,0,59,49,0,2200,0,0,0,22.3865,11.9974,1.86626,3134,3298111152
120.012,8.33249,12.1287,0,59,49,0,2200,0,0,0,22.3865,11.9974,1.86626,3134,3306443704
119.549,8.36474,12.1287,0,59,49,0,2200,0,0,0,22.3865,11.9974,1.86626,3134,3314808907
117.8,8.48898,12.1287,0,59,49,0,2200,0,0,0,22.3865,11.9974,1.86626,3134,3323298221
121.86,8.20615,12.1287,0,59,49,0,2200,0,0,0,22.3865,11.9974,1.86626,3134,3331504331
120.132,8.32418,12.1287,0,59,49,0,2200,0,0,0,22.3865,11.9974,1.86626,3134,3339828720
119.917,8.33908,12.1287,0,59,49,0,2200,0,0,0,22.3865,11.9974,1.86626,3134,3348168172
120.629,8.28988,12.1287,0,59,49,0,2200,0,0,0,22.3865,11.9974,1.86626,3134,3356457991
118.761,8.42028,12.1287,0,59,49,0,2200,0,0,0,22.3865,11.9974,1.86626,3134,3364879502
121.264,8.24647,12.1287,0,59,49,0,2200,0,0,0,22.3865,11.9974,1.86626,3134,3373125248
119.137,8.39371,12.1287,0,59,49,0,2200,0,0,0,22.3865,11.9974,1.86626,3134,3381518977
120.757,8.28111,12.1287,0,59,49,0,2200,0,0,0,22.3865,11.9974,1.86626,3134,3389800364
118.231,8.45803,12.1287,0,59,49,0,2200,0,0,0,22.3865,11.9974,1.86626,3134,3398258809
118.76,8.42036,12.1287,0,59,49,0,2200,0,0,0,22.3865,11.9974,1.86626,3134,3406679131
121.177,8.25241,12.1287,0,59,49,0,2200,0,0,0,22.3865,11.9974,1.86626,3134,3414931687
119.717,8.35302,12.1287,0,59,49,0,2200,0,0,0,22.3865,11.9974,1.86626,3134,3423286068
120.768,8.28035,12.1287,0,59,49,0,2200,0,0,0,22.3865,11.9974,1.86626,3134,3431566811
120.032,8.33113,12.1287,0,59,49,0,2200,0,0,0,22.3865,11.9974,1.86626,3134,3439898237
119.656,8.35732,12.1287,0,59,49,0,2200,0,0,0,22.3865,11.9974,1.86626,3134,3448255799
120.049,8.32991,12.1287,0,59,49,0,2200,0,0,0,22.3865,11.9974,1.86626,3134,3456586457
120.608,8.29134,12.1287,0,59,49,0,2200,0,0,0,22.3865,11.9974,1.86626,3134,3464877652
119.502,8.36808,12.1287,0,59,49,0,2200,0,0,0,22.3865,11.9974,1.86626,3134,3473245583
119.841,8.3444,12.1287,0,59,49,0,2200,0,0,0,22.3865,11.9974,1.86626,3134,3481590508
119.744,8.35115,12.1287,0,59,49,0,2200,0,0,0,22.3865,11.9974,1.86626,3134,3489942362
120.055,8.3295,12.1287,0,59,49,0,2200,0,0,0,22.3865,11.9974,1.86626,3134,3498271845
121.297,8.24423,12.1287,0,59,49,0,2200,0,0,0,22.3865,11.9974,1.86626,3134,3506515734
119.013,8.40243,12.1287,0,59,49,0,2200,0,0,0,22.3865,11.9974,1.86626,3134,3514919213
120.304,8.31226,12.1287,0,59,49,0,2200,0,0,0,22.3865,11.9974,1.86626,3134,3523230996
120.191,8.32007,12.1287,0,59,49,0,2200,0,0,0,22.3865,11.9974,1.86626,3134,3531557127
119.845,8.34411,15.4412,0,58,49,0,2200,0,0,0,22.3688,11.9974,1.86627,1420,3539896785
119.388,8.37607,15.4412,0,58,49,0,2200,0,0,0,22.3688,11.9974,1.86627,1420,3548272915
120.363,8.3082,15.4412,0,58,49,0,2200,0,0,0,22.3688,11.9974,1.86627,1420,3556581364
119.813,8.34633,15.4412,0,58,49,0,2200,0,0,0,22.3688,11.9974,1.86627,1420,3564928005
120.45,8.3022,15.4412,0,58,49,0,2200,0,0,0,22.3688,11.9974,1.86627,1420,3573230593
119.983,8.33449,15.4412,0,58,49,0,2200,0,0,0,22.3688,11.9974,1.86627,1420,3581565102
119.967,8.33564,15.4412,0,58,49,0,2200,0,0,0,22.3688,11.9974,1.86627,1420,3589901318
119.98,8.33475,15.4412,0,58,49,0,2200,0,0,0,22.3688,11.9974,1.86627,1420,3598236471
120.111,8.32564,15.4412,0,58,49,0,2200,0,0,0,22.3688,11.9974,1.86627,1420,3606562442
119.48,8.36958,15.4412,0,58,49,0,2200,0,0,0,22.3688,11.9974,1.86627,1420,3614932457
120.077,8.32797,15.4412,0,58,49,0,2200,0,0,0,22.3688,11.9974,1.86627,1420,3623260548
120.991,8.26507,15.4412,0,58,49,0,2200,0,0,0,22.3688,11.9974,1.86627,1420,3631525249
119.342,8.37927,15.4412,0,58,49,0,2200,0,0,0,22.3688,11.9974,1.86627,1420,3639905707
119.035,8.40086,15.4412,0,58,49,0,2200,0,0,0,22.3688,11.9974,1.86627,1420,3648306419
120.957,8.26737,15.4412,0,58,49,0,2200,0,0,0,22.3688,11.9974,1.86627,1420,3656574221
120.201,8.31939,15.4412,0,58,49,0,2200,0,0,0,22.3688,11.9974,1.86627,1420,3664893911
119.412,8.37434,15.4412,0,58,49,0,2200,0,0,0,22.3688,11.9974,1.86627,1420,3673268864
119.925,8.33852,15.4412,0,58,49,0,2200,0,0,0,22.3688,11.9974,1.86627,1420,3681607528
119.804,8.34697,15.4412,0,58,49,0,2200,0,0,0,22.3688,11.9974,1.86627,1420,3689954816
120.84,8.27542,15.4412,0,58,49,0,2200,0,0,0,22.3688,11.9974,1.86627,1420,3698230235
119.789,8.34802,15.4412,0,58,49,0,2200,0,0,0,22.3688,11.9974,1.86627,1420,3706578789
118.948,8.40704,15.4412,0,58,49,0,2200,0,0,0,22.3688,11.9974,1.86627,1420,3714986707
119.886,8.34123,15.4412,0,58,49,0,2200,0,0,0,22.3688,11.9974,1.86627,1420,3723328049
120.507,8.2983,15.4412,0,58,49,0,2200,0,0,0,22.3688,11.9974,1.86627,1420,3731625939
119.56,8.36397,15.4412,0,58,49,0,2200,0,0,0,22.3688,11.9974,1.86627,1420,3739989864
122.318,8.17541,15.4412,0,58,49,0,2200,0,0,0,22.3688,11.9974,1.86627,1420,3748165436
119.447,8.37194,15.4412,0,58,49,0,2200,0,0,0,22.3688,11.9974,1.86627,1420,3756537729
120.491,8.29936,15.4412,0,58,49,0,2200,0,0,0,22.3688,11.9974,1.86627,1420,3764837172
118.647,8.42838,15.4412,0,58,49,0,2200,0,0,0,22.3688,11.9974,1.86627,1420,3773266117
120.837,8.2756,15.4412,0,58,49,0,2200,0,0,0,22.3688,11.9974,1.86627,1420,3781541497
120.759,8.28093,15.4412,0,58,49,0,2200,0,0,0,22.3688,11.9974,1.86627,1420,3789822451
118.307,8.45257,15.4412,0,58,49,0,2200,0,0,0,22.3688,11.9974,1.86627,1420,3798275217
121.168,8.25298,15.4412,0,58,49,0,2200,0,0,0,22.3688,11.9974,1.86627,1420,3806528327
120.392,8.30618,15.4412,0,58,49,0,2200,0,0,0,22.3688,11.9974,1.86627,1420,3814834642
119.342,8.37929,15.4412,0,58,49,0,2200,0,0,0,22.3688,11.9974,1.86627,1420,3823214007
117.694,8.49664,15.4412,0,58,49,0,2200,0,0,0,22.3688,11.9974,1.86627,1420,3831712725
120.548,8.29545,15.4412,0,58,49,0,2200,0,0,0,22.3688,11.9974,1.86627,1420,3840008404
121.028,8.26254,15.4412,0,58,49,0,2200,0,0,0,22.3688,11.9974,1.86627,1420,3848270767
120.214,8.31849,15.4412,0,58,49,0,2200,0,0,0,22.3688,11.9974,1.86627,1420,3856589741
119.958,8.33626,15.4412,0,58,49,0,2200,0,0,0,22.3688,11.9974,1.86627,1420,3864926257
120.145,8.32331,15.4412,0,58,49,0,2200,0,0,0,22.3688,11.9974,1.86627,1420,3873249809
120.025,8.33161,15.4412,0,58,49,0,2200,0,0,0,22.3688,11.9974,1.86627,1420,3881581689
120.515,8.29771,15.4412,0,58,49,0,2200,0,0,0,22.3688,11.9974,1.86627,1420,3889879414
119.782,8.34849,15.4412,0,58,49,0,2200,0,0,0,22.3688,11.9974,1.86627,1420,3898228009
119.137,8.39367,15.4412,0,58,49,0,2200,0,0,0,22.3688,11.9974,1.86627,1420,3906622799
118.883,8.41161,15.4412,0,58,49,0,2200,0,0,0,22.3688,11.9974,1.86627,1420,3915034940
120.784,8.27927,15.4412,0,58,49,0,2200,0,0,0,22.3688,11.9974,1.86627,1420,3923314715
120.742,8.28215,15.4412,0,58,49,0,2200,0,0,0,22.3688,11.9974,1.86627,1420,3931597114
120.081,8.32772,15.4412,0,58,49,0,2200,0,0,0,22.3688,11.9974,1.86627,1420,3939925813
119.833,8.34495,15.4412,0,58,49,0,2200,0,0,0,22.3688,11.9974,1.86627,1420,3948270576
120.389,8.30642,15.4412,0,58,49,0,2200,0,0,0,22.3688,11.9974,1.86627,1420,3956576890
119.28,8.38362,15.4412,0,58,49,0,2200,0,0,0,22.3688,11.9974,1.86627,1420,3964961288
120.73,8.28291,15.4412,0,58,49,0,2200,0,0,0,22.3688,11.9974,1.86627,1420,3973244613
119.029,8.40131,15.4412,0,58,49,0,2200,0,0,0,22.3688,11.9974,1.86627,1420,3981646188
120.377,8.30724,15.4412,0,58,49,0,2200,0,0,0,22.3688,11.9974,1.86627,1420,3989953726
120.455,8.30183,15.4412,0,58,49,0,2200,0,0,0,22.3688,11.9974,1.86627,1420,3998255963
119.301,8.38217,15.4412,0,58,49,0,2200,0,0,0,22.3688,11.9974,1.86627,1420,4006638007
120.425,8.30391,15.4412,0,58,49,0,2200,0,0,0,22.3688,11.9974,1.86627,1420,4014943517
120.3,8.31258,15.4412,0,58,49,0,2200,0,0,0,22.3688,11.9974,1.86627,1420,4023254736
120.048,8.33002,15.4412,0,58,49,0,2200,0,0,0,22.3688,11.9974,1.86627,1420,4031588199
120.043,8.33032,10.2244,0,58,50,0,2200,0,0,0,22.369,11.9974,1.86627,2189,4039916507
119.81,8.34654,10.2244,0,58,50,0,2200,0,0,0,22.369,11.9974,1.86627,2189,4048263138
119.528,8.36621,10.2244,0,58,50,0,2200,0,0,0,22.369,11.9974,1.86627,2189,4056629918
119.482,8.36943,10.2244,0,58,50,0,2200,0,0,0,22.369,11.9974,1.86627,2189,4065000031
119.344,8.37914,10.2244,0,58,50,0,2200,0,0,0,22.369,11.9974,1.86627,2189,4073380395
120.362,8.3083,10.2244,0,58,50,0,2200,0,0,0,22.369,11.9974,1.86627,2189,4081689177
120.08,8.32777,10.2244,0,58,50,0,2200,0,0,0,22.369,11.9974,1.86627,2189,4090017441
119.958,8.33623,10.2244,0,58,50,0,2200,0,0,0,22.369,11.9974,1.86627,2189,4098354136
121.476,8.23208,10.2244,0,58,50,0,2200,0,0,0,22.369,11.9974,1.86627,2189,4106586603
119.482,8.36943,10.2244,0,58,50,0,2200,0,0,0,22.369,11.9974,1.86627,2189,4114956059
119.714,8.35327,10.2244,0,58,50,0,2200,0,0,0,22.369,11.9974,1.86627,2189,4123308997
121.805,8.20983,10.2244,0,58,50,0,2200,0,0,0,22.369,11.9974,1.86627,2189,4131518849
118.818,8.41624,10.2244,0,58,50,0,2200,0,0,0,22.369,11.9974,1.86627,2189,4139936050
120.977,8.26602,10.2244,0,58,50,0,2200,0,0,0,22.369,11.9974,1.86627,2189,4148201641
120.092,8.32694,10.2244,0,58,50,0,2200,0,0,0,22.369,11.9974,1.86627,2189,4156528964
117.148,8.53623,10.2244,0,58,50,0,2200,0,0,0,22.369,11.9974,1.86627,2189,4165065076
123.129,8.12158,10.2244,0,58,50,0,2200,0,0,0,22.369,11.9974,1.86627,2189,4173186588
119.746,8.35102,10.2244,0,58,50,0,2200,0,0,0,22.369,11.9974,1.86627,2189,4181537703
117.901,8.48169,10.2244,0,58,50,0,2200,0,0,0,22.369,11.9974,1.86627,2189,4190019510
122.216,8.18226,10.2244,0,58,50,0,2200,0,0,0,22.369,11.9974,1.86627,2189,4198201885
120.171,8.32145,10.2244,0,58,50,0,2200,0,0,0,22.369,11.9974,1.86627,2189,4206523497
119.997,8.33356,10.2244,0,58,50,0,2200,0,0,0,22.369,11.9974,1.86627,2189,4214857213
117.454,8.514,10.2244,0,58,50,0,2200,0,0,0,22.369,11.9974,1.86627,2189,4223371365
123.042,8.12729,10.2244,0,58,50,0,2200,0,0,0,22.369,11.9974,1.86627,2189,4231498710
116.898,8.55446,10.2244,0,58,50,0,2200,0,0,0,22.369,11.9974,1.86627,2189,4240053375
119.747,8.35091,10.2244,0,58,50,0,2200,0,0,0,22.369,11.9974,1.86627,2189,4248405892
119.809,8.34665,10.2244,0,58,50,0,2200,0,0,0,22.369,11.9974,1.86627,2189,4256753490
121.665,8.2193,10.2244,0,58,50,0,2200,0,0,0,22.369,11.9974,1.86627,2189,4264972341
120.965,8.26686,10.2244,0,58,50,0,2200,0,0,0,22.369,11.9974,1.86627,2189,4273239085
120.278,8.31405,10.2244,0,58,50,0,2200,0,0,0,22.369,11.9974,1.86627,2189,4281553316
120.021,8.33189,10.2244,0,58,50,0,2200,0,0,0,22.369,11.9974,1.86627,2189,4289885379
120.082,8.32765,10.2244,0,58,50,0,2200,0,0,0,22.369,11.9974,1.86627,2189,4298213377
120.171,8.32144,10.2244,0,58,50,0,2200,0,0,0,22.369,11.9974,1.86627,2189,4306534827
118.379,8.44747,10.2244,0,58,50,0,2200,0,0,0,22.369,11.9974,1.86627,2189,4314983388
120.921,8.26988,10.2244,0,58,50,0,2200,0,0,0,22.369,11.9974,1.86627,2189,4323253373
119.517,8.36699,10.2244,0,58,50,0,2200,0,0,0,22.369,11.9974,1.86627,2189,4331620635
120.438,8.30302,10.2244,0,58,50,0,2200,0,0,0,22.369,11.9974,1.86627,2189,4339923921
120.102,8.32623,10.2244,0,58,50,0,2200,0,0,0,22.369,11.9974,1.86627,2189,4348250459
119.739,8.35147,10.2244,0,58,50,0,2200,0,0,0,22.369,11.9974,1.86627,2189,4356602140
120.176,8.32113,10.2244,0,58,50,0,2200,0,0,0,22.369,11.9974,1.86627,2189,4364923471
120.562,8.29451,10.2244,0,58,50,0,2200,0,0,0,22.369,11.9974,1.86627,2189,4373218332
119.489,8.36896,10.2244,0,58,50,0,2200,0,0,0,22.369,11.9974,1.86627,2189,4381588012
119.607,8.36072,10.2244,0,58,50,0,2200,0,0,0,22.369,11.9974,1.86627,2189,4389948879
120.291,8.31317,10.2244,0,58,50,0,2200,0,0,0,22.369,11.9974,1.86627,2189,4398262157
119.991,8.33399,10.2244,0,58,50,0,2200,0,0,0,22.369,11.9974,1.86627,2189,4406596638
119.715,8.35314,10.2244,0,58,50,0,2200,0,0,0,22.369,11.9974,1.86627,2189,4414950459
120.832,8.27597,10.2244,0,58,50,0,2200,0,0,0,22.369,11.9974,1.86627,2189,4423225875
119.288,8.3831,10.2244,0,58,50,0,2200,0,0,0,22.369,11.9974,1.86627,2189,4431609974
118.706,8.42414,10.2244,0,58,50,0,2200,0,0,0,22.369,11.9974,1.86627,2189,4440034737
121.099,8.2577,10.2244,0,58,50,0,2200,0,0,0,22.369,11.9974,1.86627,2189,4448292601
119.221,8.38776,10.2244,0,58,50,0,2200,0,0,0,22.369,11.9974,1.86627,2189,4456680940
120.567,8.29413,10.2244,0,58,50,0,2200,0,0,0,22.369,11.9974,1.86627,2189,4464974898
120.682,8.28624,10.2244,0,58,50,0,2200,0,0,0,22.369,11.9974,1.86627,2189,4473261244
119.634,8.3588,10.2244,0,58,50,0,2200,0,0,0,22.369,11.9974,1.86627,2189,4481620749
119.95,8.3368,10.2244,0,58,50,0,2200,0,0,0,22.369,11.9974,1.86627,2189,4489957704
120.281,8.31387,10.2244,0,58,50,0,2200,0,0,0,22.369,11.9974,1.86627,2189,4498271774
119.979,8.3348,10.2244,0,58,50,0,2200,0,0,0,22.369,11.9974,1.86627,2189,4506606609
119.185,8.39033,10.2244,0,58,50,0,2200,0,0,0,22.369,11.9974,1.86627,2189,4514997853
121.465,8.23283,10.2244,0,58,50,0,2200,0,0,0,22.369,11.9974,1.86627,2189,4523230218
119.81,8.34656,10.2244,0,58,50,0,2200,0,0,0,22.369,11.9974,1.86627,2189,4531577025
119.63,8.35912,10.2244,0,58,50,0,2200,0,0,0,22.369,11.9974,1.86627,2189,4539940141
119.606,8.36079,12.1951,0,60,50,0,2200,0,0,0,22.3695,11.9974,1.86627,3379,4548297941
121.25,8.2474,12.1951,0,60,50,0,2200,0,0,0,22.3695,11.9974,1.86627,3379,4556544833
116.888,8.55518,12.1951,0,60,50,0,2200,0,0,0,22.3695,11.9974,1.86627,3379,4565100911
122.971,8.13202,12.1951,0,60,50,0,2200,0,0,0,22.3695,11.9974,1.86627,3379,4573232892
120.365,8.30803,12.1951,0,60,50,0,2200,0,0,0,22.3695,11.9974,1.86627,3379,4581540877
120.194,8.31987,12.1951,0,60,50,0,2200,0,0,0,22.3695,11.9974,1.86627,3379,4589860830
119.425,8.37346,12.1951,0,60,50,0,2200,0,0,0,22.3695,11.9974,1.86627,3379,4598234348
120.321,8.31109,12.1951,0,60,50,0,2200,0,0,0,22.3695,11.9974,1.86627,3379,4606545412
119.615,8.36014,12.1951,0,60,50,0,2200,0,0,0,22.3695,11.9974,1.86627,3379,4614905972
118.956,8.40647,12.1951,0,60,50,0,2200,0,0,0,22.3695,11.9974,1.86627,3379,4623313905
120.876,8.27295,12.1951,0,60,50,0,2200,0,0,0,22.3695,11.9974,1.86627,3379,4631586583
119.347,8.37896,12.1951,0,60,50,0,2200,0,0,0,22.3695,11.9974,1.86627,3379,4639966206
120.116,8.32527,12.1951,0,60,50,0,2200,0,0,0,22.3695,11.9974,1.86627,3379,4648291584
120.591,8.29247,12.1951,0,60,50,0,2200,0,0,0,22.3695,11.9974,1.86627,3379,4656583865
120.164,8.32194,12.1951,0,60,50,0,2200,0,0,0,22.3695,11.9974,1.86627,3379,4664906046
119.348,8.37888,12.1951,0,60,50,0,2200,0,0,0,22.3695,11.9974,1.86627,3379,4673285817
120.146,8.32322,12.1951,0,60,50,0,2200,0,0,0,22.3695,11.9974,1.86627,3379,4681609088
120.36,8.30842,12.1951,0,60,50,0,2200,0,0,0,22.3695,11.9974,1.86627,3379,4689917538
119.621,8.35974,12.1951,0,60,50,0,2200,0,0,0,22.3695,11.9974,1.86627,3379,4698277585
119.875,8.34202,12.1951,0,60,50,0,2200,0,0,0,22.3695,11.9974,1.86627,3379,4706619934
119.697,8.35445,12.1951,0,60,50,0,2200,0,0,0,22.3695,11.9974,1.86627,3379,4714975058
120.492,8.2993,12.1951,0,60,50,0,2200,0,0,0,22.3695,11.9974,1.86627,3379,4723274340
119.916,8.3392,12.1951,0,60,50,0,2200,0,0,0,22.3695,11.9974,1.86627,3379,4731613970
120.204,8.31916,12.1951,0,60,50,0,2200,0,0,0,22.3695,11.9974,1.86627,3379,4739933261
119.178,8.39084,12.1951,0,60,50,0,2200,0,0,0,22.3695,11.9974,1.86627,3379,4748325119
120.241,8.3166,12.1951,0,60,50,0,2200,0,0,0,22.3695,11.9974,1.86627,3379,4756642131
118.954,8.40662,12.1951,0,60,50,0,2200,0,0,0,22.3695,11.9974,1.86627,3379,4765049095
121.757,8.2131,12.1951,0,60,50,0,2200,0,0,0,22.3695,11.9974,1.86627,3379,4773261894
118.957,8.40639,12.1951,0,60,50,0,2200,0,0,0,22.3695,11.9974,1.86627,3379,4781669044
121.123,8.25609,12.1951,0,60,50,0,2200,0,0,0,22.3695,11.9974,1.86627,3379,4789924771
120.237,8.31689,12.1951,0,60,50,0,2200,0,0,0,22.3695,11.9974,1.86627,3379,4798241689
119.154,8.3925,12.1951,0,60,50,0,2200,0,0,0,22.3695,11.9974,1.86627,3379,4806634345
118.446,8.44265,12.1951,0,60,50,0,2200,0,0,0,22.3695,11.9974,1.86627,3379,4815078660
121.675,8.21864,12.1951,0,60,50,0,2200,0,0,0,22.3695,11.9974,1.86627,3379,4823296601
120.019,8.33201,12.1951,0,60,50,0,2200,0,0,0,22.3695,11.9974,1.86627,3379,4831628879
120.801,8.27806,12.1951,0,60,50,0,2200,0,0,0,22.3695,11.9974,1.86627,3379,4839907377
118.525,8.43703,12.1951,0,60,50,0,2200,0,0,0,22.3695,11.9974,1.86627,3379,4848344691
120.934,8.26896,12.1951,0,60,50,0,2200,0,0,0,22.3695,11.9974,1.86627,3379,4856614050
120.197,8.31967,12.1951,0,60,50,0,2200,0,0,0,22.3695,11.9974,1.86627,3379,4864933796
120.217,8.31831,12.1951,0,60,50,0,2200,0,0,0,22.3695,11.9974,1.86627,3379,4873252291
118.434,8.44355,12.1951,0,60,50,0,2200,0,0,0,22.3695,11.9974,1.86627,3379,4881696790
120.44,8.30286,12.1951,0,60,50,0,2200,0,0,0,22.3695,11.9974,1.86627,3379,4889999778
121.119,8.25636,12.1951,0,60,50,0,2200,0,0,0,22.3695,11.9974,1.86627,3379,4898256386
119.458,8.37116,12.1951,0,60,50,0,2200,0,0,0,22.3695,11.9974,1.86627,3379,4906627662
119.662,8.35684,12.1951,0,60,50,0,2200,0,0,0,22.3695,11.9974,1.86627,3379,4914985151
119.708,8.35364,12.1951,0,60,50,0,2200,0,0,0,22.3695,11.9974,1.86627,3379,4923339590
120.572,8.29377,12.1951,0,60,50,0,2200,0,0,0,22.3695,11.9974,1.86627,3379,4931633232
120.335,8.31013,12.1951,0,60,50,0,2200,0,0,0,22.3695,11.9974,1.86627,3379,4939943692
120.032,8.3311,12.1951,0,60,50,0,2200,0,0,0,22.3695,11.9974,1.86627,3379,4948275325
119.235,8.38678,12.1951,0,60,50,0,2200,0,0,0,22.3695,11.9974,1.86627,3379,4956662496
120.088,8.32721,12.1951,0,60,50,0,2200,0,0,0,22.3695,11.9974,1.86627,3379,4964989918
121.22,8.24948,12.1951,0,60,50,0,2200,0,0,0,22.3695,11.9974,1.86627,3379,4973239267
119.179,8.39071,12.1951,0,60,50,0,2200,0,0,0,22.3695,11.9974,1.86627,3379,4981630845
120.188,8.32032,12.1951,0,60,50,0,2200,0,0,0,22.3695,11.9974,1.86627,3379,4989951344
120.502,8.29864,12.1951,0,60,50,0,2200,0,0,0,22.3695,11.9974,1.86627,3379,4998249852
118.866,8.41281,12.1951,0,60,50,0,2200,0,0,0,22.3695,11.9974,1.86627,3379,5006663845
120.383,8.30679,12.1951,0,60,50,0,2200,0,0,0,22.3695,11.9974,1.86627,3379,5014970967
119.385,8.37623,12.1951,0,60,50,0,2200,0,0,0,22.3695,11.9974,1.86627,3379,5023347644
120.248,8.31613,12.1951,0,60,50,0,2200,0,0,0,22.3695,11.9974,1.86627,3379,5031664163
120.9,8.27127,12.1951,0,60,50,0,2200,0,0,0,22.3695,11.9974,1.86627,3379,5039935457
119.774,8.34906,12.1951,0,60,50,0,2200,0,0,0,22.3695,11.9974,1.86627,3379,5048289852
119.765,8.34966,9.04646,0,59,50,0,2200,0,0,0,22.369,11.9974,1.86627,2395,5056635344
120.095,8.32675,9.04646,0,59,50,0,2200,0,0,0,22.369,11.9974,1.86627,2395,5064962623
119.071,8.39835,9.04646,0,59,50,0,2200,0,0,0,22.369,11.9974,1.86627,2395,5073361311
120.882,8.27254,9.04646,0,59,50,0,2200,0,0,0,22.369,11.9974,1.86627,2395,5081633979
119.766,8.34964,9.04646,0,59,50,0,2200,0,0,0,22.369,11.9974,1.86627,2395,5089984295
119.502,8.36809,9.04646,0,59,50,0,2200,0,0,0,22.369,11.9974,1.86627,2395,5098352667
120.299,8.31262,9.04646,0,59,50,0,2200,0,0,0,22.369,11.9974,1.86627,2395,5106665717
119.791,8.34787,9.04646,0,59,50,0,2200,0,0,0,22.369,11.9974,1.86627,2395,5115013912
120.941,8.26847,9.04646,0,59,50,0,2200,0,0,0,22.369,11.9974,1.86627,2395,5123282767
119.888,8.34114,9.04646,0,59,50,0,2200,0,0,0,22.369,11.9974,1.86627,2395,5131624043
119.851,8.34372,9.04646,0,59,50,0,2200,0,0,0,22.369,11.9974,1.86627,2395,5139968015
120.52,8.29739,9.04646,0,59,50,0,2200,0,0,0,22.369,11.9974,1.86627,2395,5148265518
119.448,8.37185,9.04646,0,59,50,0,2200,0,0,0,22.369,11.9974,1.86627,2395,5156637948
118.922,8.40887,9.04646,0,59,50,0,2200,0,0,0,22.369,11.9974,1.86627,2395,5165047891
120.193,8.31994,9.04646,0,59,50,0,2200,0,0,0,22.369,11.9974,1.86627,2395,5173368425
119.688,8.35507,9.04646,0,59,50,0,2200,0,0,0,22.369,11.9974,1.86627,2395,5181724108
119.755,8.35038,9.04646,0,59,50,0,2200,0,0,0,22.369,11.9974,1.86627,2395,5190075251
121.367,8.23947,9.04646,0,59,50,0,2200,0,0,0,22.369,11.9974,1.86627,2395,5198314875
118.637,8.42908,9.04646,0,59,50,0,2200,0,0,0,22.369,11.9974,1.86627,2395,5206744270
88.0888,11.3522,9.04646,0,59,50,0,2200,0,0,0,22.369,11.9974,1.86627,2395,5218096712
123.171,8.11882,9.04646,0,59,50,0,2200,0,0,0,22.369,11.9974,1.86627,2395,5226216263
184.804,5.41114,9.04646,0,59,50,0,2200,0,0,0,22.369,11.9974,1.86627,2395,5231628437
119.863,8.34287,9.04646,0,59,50,0,2200,0,0,0,22.369,11.9974,1.86627,2395,5239971330
120.339,8.30987,9.04646,0,59,50,0,2200,0,0,0,22.369,11.9974,1.86627,2395,5248281269
119.58,8.36261,9.04646,0,59,50,0,2200,0,0,0,22.369,11.9974,1.86627,2395,5256644065
120.04,8.33055,9.04646,0,59,50,0,2200,0,0,0,22.369,11.9974,1.86627,2395,5264974768
119.808,8.34666,9.04646,0,59,50,0,2200,0,0,0,22.369,11.9974,1.86627,2395,5273322245
119.259,8.38514,9.04646,0,59,50,0,2200,0,0,0,22.369,11.9974,1.86627,2395,5281707863
