start,geometry,clip,blit,flush,end,hwnd,surface,thread,outcome,width,height,commit
170413744758060,170413744768867,170413744780533,170413744782644,170413744790555,170413744790631,265650,93825316351184,4375639744,7,2732,1151,91
170413758778930,170413758789949,170413758800917,170413758803159,170413758811912,170413758812001,265650,93825316351184,4375639744,7,2732,1151,92
170413771997100,170413772012416,170413772023356,170413772025415,170413772033319,170413772033401,265650,93825316351184,4375639744,7,2732,1151,93
170413785661860,170413785672919,170413785684191,170413785686453,170413785694337,170413785694386,265650,93825316351184,4375639744,7,2732,1151,94
170413799384606,170413799396029,170413799406878,170413799408949,170413799412501,170413799412583,265650,93825316351184,4375639744,7,2732,1151,95
170413814848360,170413814859563,170413814870295,170413814872047,170413814876840,170413814876914,265650,93825316351184,4375639744,7,2732,1151,96
170413827914804,170413827926082,170413827937090,170413827939229,170413827944261,170413827944351,265650,93825316351184,4375639744,7,2732,1151,97
170413841789016,170413841800063,170413841810724,170413841813021,170413841818337,170413841818408,265650,93825316351184,4375639744,7,2732,1151,98
170413855783260,170413855794137,170413855804542,170413855806520,170413855811548,170413855811594,265650,93825316351184,4375639744,7,2732,1151,99
170413869834832,170413869850103,170413869862403,170413869864057,170413869868136,170413869868228,265650,93825316351184,4375639744,7,2732,1151,100
170413883892789,170413883909337,170413883920247,170413883922432,170413883926240,170413883926336,265650,93825316351184,4375639744,7,2732,1151,101
170413897782384,170413897814561,170413897826266,170413897827691,170413897833006,170413897833080,265650,93825316351184,4375639744,7,2732,1151,102
170413912466810,170413912477013,170413912486633,170413912487563,170413912490670,170413912490740,265650,93825316351184,4375639744,7,2732,1151,103
170413926283413,170413926302748,170413926314126,170413926316830,170413926322687,170413926322768,265650,93825316351184,4375639744,7,2732,1151,104
170413939517965,170413939531043,170413939540629,170413939542186,170413939544926,170413939544981,265650,93825316351184,4375639744,7,2732,1151,105
170413954634315,170413954643173,170413954651671,170413954652859,170413954657040,170413954657100,265650,93825316351184,4375639744,7,2732,1151,106
170413969542982,170413969564095,170413969576397,170413969579582,170413969584126,170413969584230,265650,93825316351184,4375639744,7,2732,1151,107
170413981496021,170413981528332,170413981540413,170413981543102,170413981547567,170413981547663,265650,93825316351184,4375639744,7,2732,1151,108
170413995093768,170413995105288,170413995116734,170413995118960,170413995126893,170413995126991,265650,93825316351184,4375639744,7,2732,1151,109
170414008327240,170414008339498,170414008350619,170414008353154,170414008358103,170414008358188,265650,93825316351184,4375639744,7,2732,1151,110
170414022345487,170414022356814,170414022367398,170414022369100,170414022372361,170414022372427,265650,93825316351184,4375639744,7,2732,1151,111
170414036092079,170414036102985,170414036113667,170414036115322,170414036119650,170414036119711,265650,93825316351184,4375639744,7,2732,1151,112
170414049920975,170414049931527,170414049940452,170414049941798,170414049945512,170414049945578,265650,93825316351184,4375639744,7,2732,1151,113
170414063606694,170414063617079,170414063626628,170414063627752,170414063632939,170414063633015,265650,93825316351184,4375639744,7,2732,1151,114
170414077531502,170414077541679,170414077550489,170414077551711,170414077556612,170414077556667,265650,93825316351184,4375639744,7,2732,1151,115
170414092669163,170414092678145,170414092686366,170414092687113,170414092691448,170414092691515,265650,93825316351184,4375639744,7,2732,1151,116
170414106120055,170414106130088,170414106139309,170414106140475,170414106145315,170414106145390,265650,93825316351184,4375639744,7,2732,1151,117
170414118903728,170414118913046,170414118921580,170414118922731,170414118928013,170414118928086,265650,93825316351184,4375639744,7,2732,1151,118
170414133921930,170414133931339,170414133939967,170414133940974,170414133942886,170414133942938,265650,93825316351184,4375639744,7,2732,1151,119
170414147220490,170414147229410,170414147237562,170414147238397,170414147242065,170414147242118,265650,93825316351184,4375639744,7,2732,1151,120
170414161130606,170414161146244,170414161158127,170414161160731,170414161163969,170414161164049,265650,93825316351184,4375639744,7,2732,1151,121
170414175076973,170414175088693,170414175100033,170414175102553,170414175108122,170414175108225,265650,93825316351184,4375639744,7,2732,1151,122
170414188892169,170414188905445,170414188914971,170414188916444,170414188921521,170414188921582,265650,93825316351184,4375639744,7,2732,1151,123
170414202327938,170414202336345,170414202344462,170414202345519,170414202349856,170414202349919,265650,93825316351184,4375639744,7,2732,1151,124
170414215613927,170414215623940,170414215633238,170414215634134,170414215638091,170414215638140,265650,93825316351184,4375639744,7,2732,1151,125
170414228887913,170414228897855,170414228907070,170414228907972,170414228912268,170414228912327,265650,93825316351184,4375639744,7,2732,1151,126
170414242909360,170414242920725,170414242932144,170414242934490,170414242937994,170414242938085,265650,93825316351184,4375639744,7,2732,1151,127
170414256605747,170414256617222,170414256629242,170414256632505,170414256638420,170414256638498,265650,93825316351184,4375639744,7,2732,1151,128
170414270174891,170414270186397,170414270196895,170414270198629,170414270202719,170414270202779,265650,93825316351184,4375639744,7,2732,1151,129
170414283489423,170414283500199,170414283511016,170414283512817,170414283516806,170414283516872,265650,93825316351184,4375639744,7,2732,1151,130
170414298154284,170414298169734,170414298181379,170414298184056,170414298189913,170414298189995,265650,93825316351184,4375639744,7,2732,1151,131
170414310908633,170414310925026,170414310937382,170414310939294,170414310946550,170414310946626,265650,93825316351184,4375639744,7,2732,1151,132
170414324036447,170414324046274,170414324055338,170414324056389,170414324060968,170414324061043,265650,93825316351184,4375639744,7,2732,1151,133
170414337199260,170414337209684,170414337219175,170414337220148,170414337225831,170414337225895,265650,93825316351184,4375639744,7,2732,1151,134
170414350247361,170414350256452,170414350264511,170414350265386,170414350269600,170414350269662,265650,93825316351184,4375639744,7,2732,1151,135
170414363580280,170414363589270,170414363597439,170414363598573,170414363603539,170414363603602,265650,93825316351184,4375639744,7,2732,1151,136
170414376548923,170414376557245,170414376564864,170414376565567,170414376569658,170414376569722,265650,93825316351184,4375639744,7,2732,1151,137
170414389071431,170414389080661,170414389088602,170414389089690,170414389094555,170414389094604,265650,93825316351184,4375639744,7,2732,1151,138
170414401348054,170414401356865,170414401365139,170414401366170,170414401370527,170414401370581,265650,93825316351184,4375639744,7,2732,1151,139
170414416235718,170414416251649,170414416263693,170414416266477,170414416269440,170414416269529,265650,93825316351184,4375639744,7,2732,1151,140
170414428726129,170414428741917,170414428753970,170414428755621,170414428759658,170414428759747,265650,93825316351184,4375639744,7,2732,1151,141
170414441652942,170414441662054,170414441670542,170414441671402,170414441676019,170414441676085,265650,93825316351184,4375639744,7,2732,1151,142
170414454422641,170414454433018,170414454442463,170414454443474,170414454445433,170414454445500,265650,93825316351184,4375639744,7,2732,1151,143
170414467320341,170414467329619,170414467338094,170414467338953,170414467343749,170414467343819,265650,93825316351184,4375639744,7,2732,1151,144
170414480458864,170414480467845,170414480476106,170414480476922,170414480480341,170414480480410,265650,93825316351184,4375639744,7,2732,1151,145
170414492864331,170414492880919,170414492892944,170414492895468,170414492902442,170414492902539,265650,93825316351184,4375639744,7,2732,1151,146
170414505935445,170414505948185,170414505959232,170414505961537,170414505964838,170414505964930,265650,93825316351184,4375639744,7,2732,1151,147
170414517650301,170414517661412,170414517672032,170414517674279,170414517682016,170414517682076,265650,93825316351184,4375639744,7,2732,1151,148
170414529875383,170414529886571,170414529897355,170414529899116,170414529905919,170414529905991,265650,93825316351184,4375639744,7,2732,1151,149
170414544302326,170414544319686,170414544331766,170414544333569,170414544338127,170414544338215,265650,93825316351184,4375639744,7,2732,1151,150
170414556522253,170414556532670,170414556542162,170414556543614,170414556547189,170414556547247,265650,93825316351184,4375639744,7,2732,1151,151
170414569841750,170414569853570,170414569862120,170414569862898,170414569866857,170414569866910,265650,93825316351184,4375639744,7,2732,1151,152
170414582708418,170414582718305,170414582728408,170414582729499,170414582734818,170414582734879,265650,93825316351184,4375639744,7,2732,1151,153
170414595393642,170414595402285,170414595410346,170414595411110,170414595415083,170414595415132,265650,93825316351184,4375639744,7,2732,1151,154
170414607505378,170414607514253,170414607522750,170414607524201,170414607527322,170414607527375,265650,93825316351184,4375639744,7,2732,1151,155
170414621516044,170414621527707,170414621538729,170414621539816,170414621543925,170414621544003,265650,93825316351184,4375639744,7,2732,1151,156
170414633992827,170414634011608,170414634022860,170414634025399,170414634028554,170414634028644,265650,93825316351184,4375639744,7,2732,1151,157
170414645970697,170414645981478,170414645991437,170414645992910,170414645998472,170414645998536,265650,93825316351184,4375639744,7,2732,1151,158
170414660421678,170414660431898,170414660441385,170414660442735,170414660445541,170414660445615,265650,93825316351184,4375639744,7,2732,1151,159
170414672754060,170414672763733,170414672772866,170414672773881,170414672778580,170414672778658,265650,93825316351184,4375639744,7,2732,1151,160
170414685511459,170414685520348,170414685528362,170414685529161,170414685532683,170414685532740,265650,93825316351184,4375639744,7,2732,1151,161
170414698089056,170414698098930,170414698107952,170414698108723,170414698112928,170414698113007,265650,93825316351184,4375639744,7,2732,1151,162
170414710832970,170414710843160,170414710853330,170414710854999,170414710860611,170414710860661,265650,93825316351184,4375639744,7,2732,1151,163
170414722205620,170414722214866,170414722223236,170414722224237,170414722228418,170414722228469,265650,93825316351184,4375639744,7,2732,1151,164
170414736448960,170414736457942,170414736466605,170414736467472,170414736473298,170414736473355,265650,93825316351184,4375639744,7,2732,1151,165
170414748310384,170414748320805,170414748329980,170414748330998,170414748337600,170414748337680,265650,93825316351184,4375639744,7,2732,1151,166
170414760968152,170414760977024,170414760985415,170414760986203,170414760990385,170414760990434,265650,93825316351184,4375639744,7,2732,1151,167
170414773493455,170414773503584,170414773512489,170414773513327,170414773518515,170414773518569,265650,93825316351184,4375639744,7,2732,1151,168
170414785342570,170414785353428,170414785361999,170414785362945,170414785366699,170414785366751,265650,93825316351184,4375639744,7,2732,1151,169
170414796863199,170414796873621,170414796883092,170414796884176,170414796890085,170414796890152,265650,93825316351184,4375639744,7,2732,1151,170
170414810918908,170414810928016,170414810936146,170414810937597,170414810943165,170414810943228,265650,93825316351184,4375639744,7,2732,1151,171
170414823263225,170414823272284,170414823280612,170414823281414,170414823284327,170414823284395,265650,93825316351184,4375639744,7,2732,1151,172
170414834589725,170414834599177,170414834607508,170414834608743,170414834614492,170414834614561,265650,93825316351184,4375639744,7,2732,1151,173
170414846520214,170414846531005,170414846540328,170414846541191,170414846546593,170414846546664,265650,93825316351184,4375639744,7,2732,1151,174
170414858784219,170414858795344,170414858804671,170414858805721,170414858810253,170414858810309,265650,93825316351184,4375639744,7,2732,1151,175
170414871351813,170414871361062,170414871369373,170414871370385,170414871374326,170414871374374,265650,93825316351184,4375639744,7,2732,1151,176
170414883776609,170414883787389,170414883795747,170414883796648,170414883802038,170414883802089,265650,93825316351184,4375639744,7,2732,1151,177
170414896356116,170414896365025,170414896373345,170414896374510,170414896379484,170414896379539,265650,93825316351184,4375639744,7,2732,1151,178
170414908798239,170414908808207,170414908817378,170414908818467,170414908823844,170414908823907,265650,93825316351184,4375639744,7,2732,1151,179
170414921160649,170414921172194,170414921181908,170414921182944,170414921187563,170414921187617,265650,93825316351184,4375639744,7,2732,1151,180
170414933974482,170414933984483,170414933993640,170414933994802,170414933999948,170414933999996,265650,93825316351184,4375639744,7,2732,1151,181
170414948830636,170414948839860,170414948848206,170414948849023,170414948853481,170414948853535,265650,93825316351184,4375639744,7,2732,1151,182
170414959760065,170414959769036,170414959777434,170414959778422,170414959783607,170414959783662,265650,93825316351184,4375639744,7,2732,1151,183
170414972655577,170414972664552,170414972672977,170414972673987,170414972676726,170414972676782,265650,93825316351184,4375639744,7,2732,1151,184
170414987426170,170414987443446,170414987454871,170414987457408,170414987460587,170414987460686,265650,93825316351184,4375639744,7,2732,1151,185
170414999614233,170414999623318,170414999631652,170414999632859,170414999638259,170414999638321,265650,93825316351184,4375639744,7,2732,1151,186
170415013110354,170415013120080,170415013128481,170415013129301,170415013133340,170415013133405,265650,93825316351184,4375639744,7,2732,1151,187
170415024618136,170415024628448,170415024637875,170415024639111,170415024644085,170415024644145,265650,93825316351184,4375639744,7,2732,1151,188
170415037482820,170415037492989,170415037502393,170415037503562,170415037508712,170415037508771,265650,93825316351184,4375639744,7,2732,1151,189
170415051045500,170415051056033,170415051065468,170415051066281,170415051071217,170415051071282,265650,93825316351184,4375639744,7,2732,1151,190
170415064311952,170415064321352,170415064329600,170415064330362,170415064334274,170415064334361,265650,93825316351184,4375639744,7,2732,1151,191
170415077569255,170415077579366,170415077588454,170415077589411,170415077591603,170415077591687,265650,93825316351184,4375639744,7,2732,1151,192
170415090170867,170415090179405,170415090187362,170415090188169,170415090191893,170415090191947,265650,93825316351184,4375639744,7,2732,1151,193
170415102735720,170415102744828,170415102753044,170415102753818,170415102758572,170415102758623,265650,93825316351184,4375639744,7,2732,1151,194
170415116260550,170415116279682,170415116291831,170415116293672,170415116299634,170415116299734,265650,93825316351184,4375639744,7,2732,1151,195
170415129141026,170415129150579,170415129159066,170415129159969,170415129164848,170415129164905,265650,93825316351184,4375639744,7,2732,1151,196
170415140925875,170415140937566,170415140947358,170415140948960,170415140954041,170415140954118,265650,93825316351184,4375639744,7,2732,1151,197
170415155102498,170415155111461,170415155119736,170415155120554,170415155124978,170415155125039,265650,93825316351184,4375639744,7,2732,1151,198
170415166727370,170415166742575,170415166754199,170415166756089,170415166761965,170415166762038,265650,93825316351184,4375639744,7,2732,1151,199
170415179322988,170415179332562,170415179340974,170415179342267,170415179344608,170415179344658,265650,93825316351184,4375639744,7,2732,1151,200
170415192214606,170415192224979,170415192234343,170415192235487,170415192241465,170415192241526,265650,93825316351184,4375639744,7,2732,1151,201
170415205733834,170415205743832,170415205753330,170415205754545,170415205759772,170415205759839,265650,93825316351184,4375639744,7,2732,1151,202
170415219082316,170415219093885,170415219105311,170415219108100,170415219115414,170415219115504,265650,93825316351184,4375639744,7,2732,1151,203
170415232268869,170415232280094,170415232291383,170415232294013,170415232301411,170415232301509,265650,93825316351184,4375639744,7,2732,1151,204
170415245224841,170415245235696,170415245246687,170415245248824,170415245256244,170415245256323,265650,93825316351184,4375639744,7,2732,1151,205
170415258269193,170415258280307,170415258291501,170415258293722,170415258300589,170415258300646,265650,93825316351184,4375639744,7,2732,1151,206
170415273709928,170415273721258,170415273732176,170415273734726,170415273738976,170415273739072,265650,93825316351184,4375639744,7,2732,1151,207
170415287261847,170415287272996,170415287284116,170415287286213,170415287292020,170415287292082,265650,93825316351184,4375639744,7,2732,1151,208
170415300946646,170415300962464,170415300972086,170415300973890,170415300980174,170415300980226,265650,93825316351184,4375639744,7,2732,1151,209
170415314109367,170415314118300,170415314126662,170415314128002,170415314133361,170415314133425,265650,93825316351184,4375639744,7,2732,1151,210
170415326992790,170415327005202,170415327014456,170415327015253,170415327019879,170415327019953,265650,93825316351184,4375639744,7,2732,1151,211
170415340144208,170415340156130,170415340167205,170415340168226,170415340172758,170415340172818,265650,93825316351184,4375639744,7,2732,1151,212
170415353868699,170415353877707,170415353885840,170415353886707,170415353891408,170415353891459,265650,93825316351184,4375639744,7,2732,1151,213
170415367206022,170415367215933,170415367225223,170415367226180,170415367231481,170415367231538,265650,93825316351184,4375639744,7,2732,1151,214
170415380584070,170415380593757,170415380602786,170415380603773,170415380608931,170415380608990,265650,93825316351184,4375639744,7,2732,1151,215
170415394354768,170415394363859,170415394372037,170415394372709,170415394376295,170415394376345,265650,93825316351184,4375639744,7,2732,1151,216
170415407576876,170415407586615,170415407595739,170415407596576,170415407600804,170415407600865,265650,93825316351184,4375639744,7,2732,1151,217
170415421474777,170415421485107,170415421493765,170415421494597,170415421499361,170415421499414,265650,93825316351184,4375639744,7,2732,1151,218
170415434716756,170415434726977,170415434736193,170415434737038,170415434742096,170415434742157,265650,93825316351184,4375639744,7,2732,1151,219
170415448295260,170415448305181,170415448314505,170415448315434,170415448320344,170415448320410,265650,93825316351184,4375639744,7,2732,1151,220
170415462570919,170415462583003,170415462593814,170415462596061,170415462600875,170415462600977,265650,93825316351184,4375639744,7,2732,1151,221
170415476790456,170415476802242,170415476813519,170415476815850,170415476821304,170415476821410,265650,93825316351184,4375639744,7,2732,1151,222
170415490226049,170415490241800,170415490253880,170415490256036,170415490259852,170415490259944,265650,93825316351184,4375639744,7,2732,1151,223
170415503492275,170415503515298,170415503527247,170415503530007,170415503536589,170415503536667,265650,93825316351184,4375639744,7,2732,1151,224
170415516940357,170415516951741,170415516963394,170415516966037,170415516977670,170415516977750,265650,93825316351184,4375639744,7,2732,1151,225
170415530402042,170415530413190,170415530424020,170415530426468,170415530435342,170415530435428,265650,93825316351184,4375639744,7,2732,1151,226
170415546147965,170415546159549,170415546170454,170415546172769,170415546178307,170415546178373,265650,93825316351184,4375639744,7,2732,1151,227
170415559239495,170415559252048,170415559263858,170415559266492,170415559271955,170415559272032,265650,93825316351184,4375639744,7,2732,1151,228
170415571789309,170415571800435,170415571811538,170415571813912,170415571822323,170415571822401,265650,93825316351184,4375639744,7,2732,1151,229
170415584987416,170415584998736,170415585014438,170415585017087,170415585027129,170415585027186,265650,93825316351184,4375639744,7,2732,1151,230
170415601217691,170415601229300,170415601240381,170415601242796,170415601248460,170415601248538,265650,93825316351184,4375639744,7,2732,1151,231
170415614848428,170415614859855,170415614870864,170415614872993,170415614877435,170415614877522,265650,93825316351184,4375639744,7,2732,1151,232
170415627697431,170415627708399,170415627719325,170415627721661,170415627729597,170415627729679,265650,93825316351184,4375639744,7,2732,1151,233
170415641498174,170415641509138,170415641519846,170415641522182,170415641532057,170415641532100,265650,93825316351184,4375639744,7,2732,1151,234
170415655473529,170415655484659,170415655495544,170415655498063,170415655507933,170415655507986,265650,93825316351184,4375639744,7,2732,1151,235
170415669231337,170415669242735,170415669253870,170415669256237,170415669265002,170415669265079,265650,93825316351184,4375639744,7,2732,1151,236
170415683228465,170415683239575,170415683250219,170415683252200,170415683261242,170415683261307,265650,93825316351184,4375639744,7,2732,1151,237
170415697398365,170415697409363,170415697420755,170415697423814,170415697432815,170415697432878,265650,93825316351184,4375639744,7,2732,1151,238
170415711030224,170415711041555,170415711052387,170415711054719,170415711063845,170415711063894,265650,93825316351184,4375639744,7,2732,1151,239
170415725440265,170415725451075,170415725461731,170415725463748,170415725467956,170415725468022,265650,93825316351184,4375639744,7,2732,1151,240
170415739254524,170415739265312,170415739276218,170415739278414,170415739288291,170415739288345,265650,93825316351184,4375639744,7,2732,1151,241
170415753050564,170415753061294,170415753072059,170415753074079,170415753082872,170415753082943,265650,93825316351184,4375639744,7,2732,1151,242
170415769195843,170415769206953,170415769217398,170415769219431,170415769224768,170415769224823,265650,93825316351184,4375639744,7,2732,1151,243
170415782045821,170415782056838,170415782067528,170415782069388,170415782074159,170415782074224,265650,93825316351184,4375639744,7,2732,1151,244
170415795759383,170415795770141,170415795780776,170415795782804,170415795788227,170415795788285,265650,93825316351184,4375639744,7,2732,1151,245
170415809424621,170415809435281,170415809445709,170415809447849,170415809452933,170415809453011,265650,93825316351184,4375639744,7,2732,1151,246
170415823256129,170415823266739,170415823277727,170415823279594,170415823284501,170415823284561,265650,93825316351184,4375639744,7,2732,1151,247
170415836872005,170415836883324,170415836894441,170415836896738,170415836900653,170415836900699,265650,93825316351184,4375639744,7,2732,1151,248
170415850518558,170415850529583,170415850540124,170415850542204,170415850547112,170415850547171,265650,93825316351184,4375639744,7,2732,1151,249
170415864236068,170415864246971,170415864258351,170415864260750,170415864266091,170415864266158,265650,93825316351184,4375639744,7,2732,1151,250
170415878249837,170415878260711,170415878271579,170415878273584,170415878278768,170415878278846,265650,93825316351184,4375639744,7,2732,1151,251
170415892176692,170415892187795,170415892198538,170415892200611,170415892205937,170415892206001,265650,93825316351184,4375639744,7,2732,1151,252
170415906278383,170415906289006,170415906299664,170415906301832,170415906307396,170415906307457,265650,93825316351184,4375639744,7,2732,1151,253
170415919991996,170415920007398,170415920018123,170415920020487,170415920025114,170415920025176,265650,93825316351184,4375639744,7,2732,1151,254
170415934201599,170415934212566,170415934223310,170415934225269,170415934230202,170415934230266,265650,93825316351184,4375639744,7,2732,1151,255
170415947952402,170415947963332,170415947973988,170415947975772,170415947979620,170415947979677,265650,93825316351184,4375639744,7,2732,1151,256
170415962154113,170415962165123,170415962176116,170415962178140,170415962182910,170415962182966,265650,93825316351184,4375639744,7,2732,1151,257
170415975890007,170415975901033,170415975911748,170415975913492,170415975918025,170415975918084,265650,93825316351184,4375639744,7,2732,1151,258
170415990137912,170415990149252,170415990159963,170415990162166,170415990169526,170415990169588,265650,93825316351184,4375639744,7,2732,1151,259
170416003753464,170416003764554,170416003775452,170416003778426,170416003789220,170416003789303,265650,93825316351184,4375639744,7,2732,1151,260
170416016854993,170416016866173,170416016876457,170416016878546,170416016887641,170416016887704,265650,93825316351184,4375639744,7,2732,1151,261
170416030561183,170416030571819,170416030582543,170416030584605,170416030593095,170416030593155,265650,93825316351184,4375639744,7,2732,1151,262
170416045738048,170416045749200,170416045759690,170416045761820,170416045766880,170416045766945,265650,93825316351184,4375639744,7,2732,1151,263
170416059740450,170416059751388,170416059761893,170416059763612,170416059766960,170416059767020,265650,93825316351184,4375639744,7,2732,1151,264
170416073593965,170416073605207,170416073615719,170416073617779,170416073622915,170416073622976,265650,93825316351184,4375639744,7,2732,1151,265
170416087459400,170416087470136,170416087480435,170416087482236,170416087487327,170416087487379,265650,93825316351184,4375639744,7,2732,1151,266
170416101128714,170416101139554,170416101150084,170416101151933,170416101156913,170416101156976,265650,93825316351184,4375639744,7,2732,1151,267
170416115812795,170416115824295,170416115835378,170416115837619,170416115843539,170416115843623,265650,93825316351184,4375639744,7,2732,1151,268
170416129179033,170416129190209,170416129201090,170416129203107,170416129210730,170416129210808,265650,93825316351184,4375639744,7,2732,1151,269
170416142850761,170416142861818,170416142872642,170416142874356,170416142879056,170416142879118,265650,93825316351184,4375639744,7,2732,1151,270
170416156743861,170416156754820,170416156765748,170416156767655,170416156772843,170416156772908,265650,93825316351184,4375639744,7,2732,1151,271
170416170361180,170416170372513,170416170383203,170416170385311,170416170388731,170416170388805,265650,93825316351184,4375639744,7,2732,1151,272
170416184099514,170416184110822,170416184122324,170416184124743,170416184129774,170416184129833,265650,93825316351184,4375639744,7,2732,1151,273
170416197231773,170416197242844,170416197254038,170416197256308,170416197263245,170416197263311,265650,93825316351184,4375639744,7,2732,1151,274
170416209856069,170416209867604,170416209878123,170416209879887,170416209888360,170416209888406,265650,93825316351184,4375639744,7,2732,1151,275
170416223407534,170416223418169,170416223429108,170416223431064,170416223439260,170416223439303,265650,93825316351184,4375639744,7,2732,1151,276
170416236645075,170416236655737,170416236666878,170416236669223,170416236677903,170416236677969,265650,93825316351184,4375639744,7,2732,1151,277
170416250377257,170416250388410,170416250399479,170416250401645,170416250410358,170416250410436,265650,93825316351184,4375639744,7,2732,1151,278
170416263917176,170416263928169,170416263939140,170416263941235,170416263949077,170416263949160,265650,93825316351184,4375639744,7,2732,1151,279
170416278324859,170416278335892,170416278347313,170416278349732,170416278353083,170416278353149,265650,93825316351184,4375639744,7,2732,1151,280
170416291016405,170416291027540,170416291038013,170416291039679,170416291048981,170416291049046,265650,93825316351184,4375639744,7,2732,1151,281
170416305056035,170416305080674,170416305092967,170416305095891,170416305103520,170416305103616,265650,93825316351184,4375639744,7,2732,1151,282
170416318377350,170416318390285,170416318401943,170416318404542,170416318416355,170416318416456,265650,93825316351184,4375639744,7,2732,1151,283
170416331663743,170416331675013,170416331685804,170416331688162,170416331697052,170416331697118,265650,93825316351184,4375639744,7,2732,1151,284
170416346973697,170416346984602,170416346995289,170416346997142,170416347007336,170416347007569,265650,93825316351184,4375639744,7,2732,1151,285
170416358686714,170416358697329,170416358708444,170416358710829,170416358720580,170416358720652,265650,93825316351184,4375639744,7,2732,1151,286
170416376545884,170416376556842,170416376567868,170416376570592,170416376579823,170416376579899,265650,93825316351184,4375639744,7,2732,1151,287
170416385522457,170416385533585,170416385544037,170416385545787,170416385549817,170416385549896,265650,93825316351184,4375639744,7,2732,1151,288
170416398214922,170416398225532,170416398236446,170416398238216,170416398246354,170416398246403,265650,93825316351184,4375639744,7,2732,1151,289
170416413387298,170416413398270,170416413409271,170416413411261,170416413415697,170416413415768,265650,93825316351184,4375639744,7,2732,1151,290
170416426247944,170416426258941,170416426269442,170416426271704,170416426276571,170416426276657,265650,93825316351184,4375639744,7,2732,1151,291
170416438071996,170416438082978,170416438093435,170416438095797,170416438103526,170416438103587,265650,93825316351184,4375639744,7,2732,1151,292
170416452511640,170416452522250,170416452532529,170416452534525,170416452539175,170416452539244,265650,93825316351184,4375639744,7,2732,1151,293
170416464248456,170416464260399,170416464271270,170416464273913,170416464282899,170416464282962,265650,93825316351184,4375639744,7,2732,1151,294
170416477392380,170416477403107,170416477414041,170416477416105,170416477424979,170416477425039,265650,93825316351184,4375639744,7,2732,1151,295
170416490366695,170416490377691,170416490388381,170416490390509,170416490394886,170416490394945,265650,93825316351184,4375639744,7,2732,1151,296
170416505013273,170416505024605,170416505035575,170416505037875,170416505043286,170416505043349,265650,93825316351184,4375639744,7,2732,1151,297
170416517679699,170416517690341,170416517701423,170416517703634,170416517708734,170416517708810,265650,93825316351184,4375639744,7,2732,1151,298
170416530567048,170416530577993,170416530590804,170416530592948,170416530598684,170416530598757,265650,93825316351184,4375639744,7,2732,1151,299
170416543432902,170416543443816,170416543454774,170416543456531,170416543461483,170416543461539,265650,93825316351184,4375639744,7,2732,1151,300
170416556474215,170416556485024,170416556495684,170416556497460,170416556503062,170416556503120,265650,93825316351184,4375639744,7,2732,1151,301
170416569353703,170416569364358,170416569375105,170416569376843,170416569381422,170416569381485,265650,93825316351184,4375639744,7,2732,1151,302
170416582150182,170416582160929,170416582171566,170416582173239,170416582178099,170416582178160,265650,93825316351184,4375639744,7,2732,1151,303
170416595125472,170416595136315,170416595146981,170416595148608,170416595152112,170416595152180,265650,93825316351184,4375639744,7,2732,1151,304
170416607909650,170416607920703,170416607931325,170416607933429,170416607938842,170416607938905,265650,93825316351184,4375639744,7,2732,1151,305
170416620892016,170416620902627,170416620913055,170416620915024,170416620920166,170416620920224,265650,93825316351184,4375639744,7,2732,1151,306
170416633842967,170416633853636,170416633864573,170416633866537,170416633871308,170416633871370,265650,93825316351184,4375639744,7,2732,1151,307
170416646642925,170416646653571,170416646664135,170416646665827,170416646670903,170416646670960,265650,93825316351184,4375639744,7,2732,1151,308
170416659594922,170416659608787,170416659620026,170416659622429,170416659634175,170416659634258,265650,93825316351184,4375639744,7,2732,1151,309
170416673029936,170416673040849,170416673051646,170416673053497,170416673058431,170416673058522,265650,93825316351184,4375639744,7,2732,1151,310
170416684279282,170416684290462,170416684301297,170416684303384,170416684312873,170416684312938,265650,93825316351184,4375639744,7,2732,1151,311
170416696790259,170416696801126,170416696811849,170416696813537,170416696818036,170416696818088,265650,93825316351184,4375639744,7,2732,1151,312
170416709342552,170416709353227,170416709364182,170416709366077,170416709372428,170416709372475,265650,93825316351184,4375639744,7,2732,1151,313
170416722018268,170416722028886,170416722039587,170416722041429,170416722050220,170416722050277,265650,93825316351184,4375639744,7,2732,1151,314
170416735069858,170416735080782,170416735092016,170416735094407,170416735101905,170416735102088,265650,93825316351184,4375639744,7,2732,1151,315
170416746751558,170416746762204,170416746773192,170416746775237,170416746784469,170416746784528,265650,93825316351184,4375639744,7,2732,1151,316
170416759152014,170416759163234,170416759174082,170416759175997,170416759184350,170416759184400,265650,93825316351184,4375639744,7,2732,1151,317
170416771829006,170416771839592,170416771849936,170416771851920,170416771858913,170416771858972,265650,93825316351184,4375639744,7,2732,1151,318
170416784631606,170416784659908,170416784672230,170416784673924,170416784678380,170416784678455,265650,93825316351184,4375639744,7,2732,1151,319
170416799260749,170416799273452,170416799282095,170416799283653,170416799288381,170416799288446,265650,93825316351184,4375639744,7,2732,1151,320
170416811346922,170416811355854,170416811363927,170416811364750,170416811368512,170416811368575,265650,93825316351184,4375639744,7,2732,1151,321
170416823252616,170416823262252,170416823270786,170416823271522,170416823276012,170416823276074,265650,93825316351184,4375639744,7,2732,1151,322
170416835511585,170416835520542,170416835528633,170416835529492,170416835533162,170416835533222,265650,93825316351184,4375639744,7,2732,1151,323
170416847010094,170416847020638,170416847030067,170416847031286,170416847036071,170416847036130,265650,93825316351184,4375639744,7,2732,1151,324
170416859683412,170416859692207,170416859700524,170416859701858,170416859706765,170416859706813,265650,93825316351184,4375639744,7,2732,1151,325
170416873390785,170416873401289,170416873410682,170416873411729,170416873416181,170416873416246,265650,93825316351184,4375639744,7,2732,1151,326
170416885349401,170416885358694,170416885367089,170416885368596,170416885373276,170416885373326,265650,93825316351184,4375639744,7,2732,1151,327
170416899186008,170416899195196,170416899203538,170416899204517,170416899207296,170416899207362,265650,93825316351184,4375639744,7,2732,1151,328
170416911408566,170416911417199,170416911425376,170416911426185,170416911430703,170416911430772,265650,93825316351184,4375639744,7,2732,1151,329
170416924216754,170416924225847,170416924234263,170416924235401,170416924241155,170416924241218,265650,93825316351184,4375639744,7,2732,1151,330
170416936574827,170416936583827,170416936592213,170416936593016,170416936597264,170416936597331,265650,93825316351184,4375639744,7,2732,1151,331
170416949190230,170416949200047,170416949209245,170416949210056,170416949214636,170416949214709,265650,93825316351184,4375639744,7,2732,1151,332
170416962232629,170416962242929,170416962252373,170416962253311,170416962258556,170416962258619,265650,93825316351184,4375639744,7,2732,1151,333
170416974394467,170416974403802,170416974412224,170416974413602,170416974418035,170416974418098,265650,93825316351184,4375639744,7,2732,1151,334
170416988270375,170416988279528,170416988287968,170416988288904,170416988293345,170416988293407,265650,93825316351184,4375639744,7,2732,1151,335
170417000604537,170417000614982,170417000624501,170417000625622,170417000629382,170417000629452,265650,93825316351184,4375639744,7,2732,1151,336
170417012202943,170417012212931,170417012222273,170417012223252,170417012227492,170417012227558,265650,93825316351184,4375639744,7,2732,1151,337
170417026845165,170417026859284,170417026870523,170417026871785,170417026879089,170417026879166,265650,93825316351184,4375639744,7,2732,1151,338
170417039218125,170417039227121,170417039235284,170417039236180,170417039241044,170417039241100,265650,93825316351184,4375639744,7,2732,1151,339
170417052088841,170417052099025,170417052108315,170417052109257,170417052113688,170417052113738,265650,93825316351184,4375639744,7,2732,1151,340
170417065196255,170417065205209,170417065213414,170417065214106,170417065218208,170417065218264,265650,93825316351184,4375639744,7,2732,1151,341
170417077983423,170417077994669,170417078009674,170417078010363,170417078015584,170417078015644,265650,93825316351184,4375639744,7,2732,1151,342
170417091030300,170417091040235,170417091049583,170417091050374,170417091054664,170417091054727,265650,93825316351184,4375639744,7,2732,1151,343
170417103860666,170417103871159,170417103881209,170417103882755,170417103885445,170417103885503,265650,93825316351184,4375639744,7,2732,1151,344
170417116642893,170417116652024,170417116660680,170417116661638,170417116667047,170417116667102,265650,93825316351184,4375639744,7,2732,1151,345
170417129660095,170417129669500,170417129678270,170417129679181,170417129684000,170417129684064,265650,93825316351184,4375639744,7,2732,1151,346
170417142521525,170417142530254,170417142538450,170417142539209,170417142544149,170417142544207,265650,93825316351184,4375639744,7,2732,1151,347
170417155393094,170417155403095,170417155412444,170417155413479,170417155418900,170417155418959,265650,93825316351184,4375639744,7,2732,1151,348
170417167556589,170417167565324,170417167573772,170417167575267,170417167579090,170417167579142,265650,93825316351184,4375639744,7,2732,1151,349
170417180180226,170417180189774,170417180197995,170417180199198,170417180204186,170417180204241,265650,93825316351184,4375639744,7,2732,1151,350
170417194763397,170417194773489,170417194782739,170417194783690,170417194788291,170417194788347,265650,93825316351184,4375639744,7,2732,1151,351
170417206454397,170417206463977,170417206472364,170417206473570,170417206476824,170417206476878,265650,93825316351184,4375639744,7,2732,1151,352
170417220508491,170417220518916,170417220528289,170417220529293,170417220533946,170417220534009,265650,93825316351184,4375639744,7,2732,1151,353
170417233578581,170417233588973,170417233598440,170417233599422,170417233603848,170417233603910,265650,93825316351184,4375639744,7,2732,1151,354
170417246437167,170417246447242,170417246456740,170417246457720,170417246462973,170417246463036,265650,93825316351184,4375639744,7,2732,1151,355
170417259591202,170417259601124,170417259610412,170417259611350,170417259616184,170417259616244,265650,93825316351184,4375639744,7,2732,1151,356
170417272828314,170417272838658,170417272848282,170417272849609,170417272854569,170417272854639,265650,93825316351184,4375639744,7,2732,1151,357
170417285855985,170417285865890,170417285875353,170417285876171,170417285881454,170417285881514,265650,93825316351184,4375639744,7,2732,1151,358
170417299194071,170417299202913,170417299211043,170417299211857,170417299216781,170417299216834,265650,93825316351184,4375639744,7,2732,1151,359
170417314411848,170417314430392,170417314442238,170417314445279,170417314452810,170417314452904,265650,93825316351184,4375639744,7,2732,1151,360
170417326572906,170417326582148,170417326591096,170417326591990,170417326597783,170417326597839,265650,93825316351184,4375639744,7,2732,1151,361
170417339662645,170417339671187,170417339679690,170417339680936,170417339685351,170417339685403,265650,93825316351184,4375639744,7,2732,1151,362
170417353259343,170417353269400,170417353278733,170417353279551,170417353284156,170417353284215,265650,93825316351184,4375639744,7,2732,1151,363
170417366222325,170417366232676,170417366242047,170417366243004,170417366247331,170417366247394,265650,93825316351184,4375639744,7,2732,1151,364
170417379743849,170417379753727,170417379763016,170417379763939,170417379768890,170417379768948,265650,93825316351184,4375639744,7,2732,1151,365
170417393393690,170417393402689,170417393410853,170417393412354,170417393416962,170417393417014,265650,93825316351184,4375639744,7,2732,1151,366
170417407716570,170417407797152,170417407809373,170417407810696,170417407815154,170417407815241,265650,93825316351184,4375639744,7,2732,1151,367
170417421169260,170417421185438,170417421196735,170417421199127,170417421202972,170417421203067,265650,93825316351184,4375639744,7,2732,1151,368
170417434709110,170417434720643,170417434731449,170417434733386,170417434737650,170417434737747,265650,93825316351184,4375639744,7,2732,1151,369
170417448305264,170417448318186,170417448328978,170417448330658,170417448334385,170417448334450,265650,93825316351184,4375639744,7,2732,1151,370
170417461336153,170417461347263,170417461358682,170417461360595,170417461364823,170417461364885,265650,93825316351184,4375639744,7,2732,1151,371
170417474941398,170417474952113,170417474962862,170417474964479,170417474968069,170417474968128,265650,93825316351184,4375639744,7,2732,1151,372
170417488684611,170417488696602,170417488707730,170417488710088,170417488715183,170417488715280,265650,93825316351184,4375639744,7,2732,1151,373
170417502335663,170417502346527,170417502357123,170417502359263,170417502363372,170417502363446,265650,93825316351184,4375639744,7,2732,1151,374
170417516363888,170417516377403,170417516389011,170417516391560,170417516402669,170417516402775,265650,93825316351184,4375639744,7,2732,1151,375
170417530462956,170417530482443,170417530494660,170417530497452,170417530501908,170417530501996,265650,93825316351184,4375639744,7,2732,1151,376
170417543842728,170417543855347,170417543866748,170417543869095,170417543875163,170417543875253,265650,93825316351184,4375639744,7,2732,1151,377
170417558099842,170417558111261,170417558122139,170417558124918,170417558131573,170417558131677,265650,93825316351184,4375639744,7,2732,1151,378
170417570601240,170417570612377,170417570623705,170417570626254,170417570632002,170417570632073,265650,93825316351184,4375639744,7,2732,1151,379
170417583832945,170417583843768,170417583854314,170417583856273,170417583861677,170417583861745,265650,93825316351184,4375639744,7,2732,1151,380
170417598556421,170417598568555,170417598579578,170417598582177,170417598590441,170417598590530,265650,93825316351184,4375639744,7,2732,1151,381
170417611227761,170417611244086,170417611253455,170417611254693,170417611259965,170417611260025,265650,93825316351184,4375639744,7,2732,1151,382
170417625060995,170417625070227,170417625078731,170417625080059,170417625085543,170417625085610,265650,93825316351184,4375639744,7,2732,1151,383
170417640951408,170417640962825,170417640973739,170417640976024,170417640979757,170417640979847,265650,93825316351184,4375639744,7,2732,1151,384
170417654628617,170417654640309,170417654651168,170417654653654,170417654658753,170417654658855,265650,93825316351184,4375639744,7,2732,1151,385
170417668648936,170417668661326,170417668672692,170417668675077,170417668681247,170417668681330,265650,93825316351184,4375639744,7,2732,1151,386
170417682784536,170417682795617,170417682806047,170417682807856,170417682812745,170417682812808,265650,93825316351184,4375639744,7,2732,1151,387
170417696772767,170417696783401,170417696794216,170417696796210,170417696801586,170417696801643,265650,93825316351184,4375639744,7,2732,1151,388
170417710773807,170417710784786,170417710795785,170417710797757,170417710802802,170417710802874,265650,93825316351184,4375639744,7,2732,1151,389
170417724863478,170417724874563,170417724885212,170417724886821,170417724891386,170417724891434,265650,93825316351184,4375639744,7,2732,1151,390
170417739225529,170417739247008,170417739260281,170417739262406,170417739267735,170417739267823,265650,93825316351184,4375639744,7,2732,1151,391
170417753352420,170417753365488,170417753374308,170417753375710,170417753379167,170417753379233,265650,93825316351184,4375639744,7,2732,1151,392
170417766861923,170417766871095,170417766879590,170417766880962,170417766886395,170417766886460,265650,93825316351184,4375639744,7,2732,1151,393
170417780362963,170417780372512,170417780381116,170417780382707,170417780387441,170417780387490,265650,93825316351184,4375639744,7,2732,1151,394
170417794944609,170417794954085,170417794963139,170417794964335,170417794969140,170417794969210,265650,93825316351184,4375639744,7,2732,1151,395
170417808658759,170417808674444,170417808685907,170417808688731,170417808691828,170417808691920,265650,93825316351184,4375639744,7,2732,1151,396
170417821467662,170417821478872,170417821489469,170417821491363,170417821499667,170417821499756,265650,93825316351184,4375639744,7,2732,1151,397
170417834611550,170417834622567,170417834633386,170417834635605,170417834644805,170417834644871,265650,93825316351184,4375639744,7,2732,1151,398
170417848432311,170417848443246,170417848454292,170417848456183,170417848464298,170417848464357,265650,93825316351184,4375639744,7,2732,1151,399
170417862335818,170417862346427,170417862357743,170417862359979,170417862363284,170417862363352,265650,93825316351184,4375639744,7,2732,1151,400
170417875630155,170417875640574,170417875651421,170417875653474,170417875660791,170417875660843,265650,93825316351184,4375639744,7,2732,1151,401
170417889614942,170417889625984,170417889636886,170417889639110,170417889647679,170417889647735,265650,93825316351184,4375639744,7,2732,1151,402
170417904542981,170417904554074,170417904564618,170417904566515,170417904574657,170417904574720,265650,93825316351184,4375639744,7,2732,1151,403
170417919721599,170417919730551,170417919739214,170417919740928,170417919746268,170417919746333,265650,93825316351184,4375639744,7,2732,1151,404
170417933008174,170417933017234,170417933025782,170417933033461,170417933038583,170417933038642,265650,93825316351184,4375639744,7,2732,1151,405
170417947444307,170417947453498,170417947461990,170417947463354,170417947468666,170417947468719,265650,93825316351184,4375639744,7,2732,1151,406
170417961125752,170417961134872,170417961143151,170417961144352,170417961149883,170417961149944,265650,93825316351184,4375639744,7,2732,1151,407
170417975406449,170417975415609,170417975424134,170417975425137,170417975429251,170417975429311,265650,93825316351184,4375639744,7,2732,1151,408
170417989193004,170417989204571,170417989213275,170417989214357,170417989218301,170417989218370,265650,93825316351184,4375639744,7,2732,1151,409
170418003088543,170418003098462,170418003107460,170418003108281,170418003113243,170418003113312,265650,93825316351184,4375639744,7,2732,1151,410
170418016870874,170418016880922,170418016890046,170418016890863,170418016895690,170418016895763,265650,93825316351184,4375639744,7,2732,1151,411
170418030899819,170418030908856,170418030917216,170418030918139,170418030923491,170418030923555,265650,93825316351184,4375639744,7,2732,1151,412
170418045264722,170418045276979,170418045287192,170418045288019,170418045293566,170418045293637,265650,93825316351184,4375639744,7,2732,1151,413
170418059169351,170418059179304,170418059188463,170418059189278,170418059197132,170418059197200,265650,93825316351184,4375639744,7,2732,1151,414
170418073145562,170418073157316,170418073168317,170418073169185,170418073174171,170418073174249,265650,93825316351184,4375639744,7,2732,1151,415
170418087290701,170418087300895,170418087310249,170418087311147,170418087313817,170418087313891,265650,93825316351184,4375639744,7,2732,1151,416
170418100563150,170418100573426,170418100581475,170418100582404,170418100585435,170418100585487,265650,93825316351184,4375639744,7,2732,1151,417
170418114983997,170418115003760,170418115015543,170418115018269,170418115020955,170418115021039,265650,93825316351184,4375639744,7,2732,1151,418
170418128422717,170418128432977,170418128442433,170418128443835,170418128448966,170418128449019,265650,93825316351184,4375639744,7,2732,1151,419
170418141361780,170418141370933,170418141379475,170418141380657,170418141384761,170418141384817,265650,93825316351184,4375639744,7,2732,1151,420
170418156582354,170418156594466,170418156603474,170418156604656,170418156610828,170418156610879,265650,93825316351184,4375639744,7,2732,1151,421
170418169477858,170418169487878,170418169496895,170418169498696,170418169503377,170418169503432,265650,93825316351184,4375639744,7,2732,1151,422
170418182540477,170418182549577,170418182558233,170418182559619,170418182565362,170418182565429,265650,93825316351184,4375639744,7,2732,1151,423
170418196044042,170418196053679,170418196062276,170418196063739,170418196066469,170418196066540,265650,93825316351184,4375639744,7,2732,1151,424
170418209173303,170418209182057,170418209190136,170418209190981,170418209195911,170418209195970,265650,93825316351184,4375639744,7,2732,1151,425
170418223175768,170418223185793,170418223194998,170418223196040,170418223201792,170418223201852,265650,93825316351184,4375639744,7,2732,1151,426
170418238709491,170418238726835,170418238738702,170418238740364,170418238745591,170418238745684,265650,93825316351184,4375639744,7,2732,1151,427
170418251580937,170418251591394,170418251600572,170418251601447,170418251606687,170418251606751,265650,93825316351184,4375639744,7,2732,1151,428
170418264885477,170418264894171,170418264902361,170418264903183,170418264907723,170418264907787,265650,93825316351184,4375639744,7,2732,1151,429
170418278841196,170418278852934,170418278861764,170418278862650,170418278866590,170418278866659,265650,93825316351184,4375639744,7,2732,1151,430
170418292834017,170418292844801,170418292853202,170418292854041,170418292858522,170418292858591,265650,93825316351184,4375639744,7,2732,1151,431
170418306805715,170418306821762,170418306833546,170418306835825,170418306849533,170418306849617,265650,93825316351184,4375639744,7,2732,1151,432
170418318572851,170418318584087,170418318594899,170418318597342,170418318604666,170418318604730,265650,93825316351184,4375639744,7,2732,1151,433
170418331204431,170418331215983,170418331226358,170418331228543,170418331232887,170418331232952,265650,93825316351184,4375639744,7,2732,1151,434
170418344870737,170418344881639,170418344892440,170418344894952,170418344902031,170418344902090,265650,93825316351184,4375639744,7,2732,1151,435
170418358078808,170418358089499,170418358100139,170418358102235,170418358108806,170418358108867,265650,93825316351184,4375639744,7,2732,1151,436
170418371080825,170418371091912,170418371102166,170418371103808,170418371108860,170418371108919,265650,93825316351184,4375639744,7,2732,1151,437
170418386368163,170418386383068,170418386395568,170418386397350,170418386403767,170418386403855,265650,93825316351184,4375639744,7,2732,1151,438
170418398896077,170418398906452,170418398915806,170418398916908,170418398921253,170418398921323,265650,93825316351184,4375639744,7,2732,1151,439
170418411282881,170418411292492,170418411300927,170418411302038,170418411304674,170418411304729,265650,93825316351184,4375639744,7,2732,1151,440
170418424495441,170418424505867,170418424515316,170418424516659,170418424522294,170418424522358,265650,93825316351184,4375639744,7,2732,1151,441
170418437406181,170418437418076,170418437427992,170418437428950,170418437433862,170418437433918,265650,93825316351184,4375639744,7,2732,1151,442
170418450569443,170418450578189,170418450586432,170418450587594,170418450592444,170418450592495,265650,93825316351184,4375639744,7,2732,1151,443
170418463956888,170418463966912,170418463976110,170418463977028,170418463982130,170418463982182,265650,93825316351184,4375639744,7,2732,1151,444
170418477166758,170418477176089,170418477184698,170418477186106,170418477190649,170418477190719,265650,93825316351184,4375639744,7,2732,1151,445
170418490039919,170418490050074,170418490059561,170418490061026,170418490066668,170418490066737,265650,93825316351184,4375639744,7,2732,1151,446
170418502650861,170418502662556,170418502672983,170418502674071,170418502679541,170418502679613,265650,93825316351184,4375639744,7,2732,1151,447
170418516725972,170418516736708,170418516746592,170418516748016,170418516752862,170418516752939,265650,93825316351184,4375639744,7,2732,1151,448
170418529941089,170418529950168,170418529958425,170418529959239,170418529964342,170418529964397,265650,93825316351184,4375639744,7,2732,1151,449
170418542514975,170418542524883,170418542533810,170418542534582,170418542539215,170418542539267,265650,93825316351184,4375639744,7,2732,1151,450
170418555433989,170418555442901,170418555451221,170418555452006,170418555456333,170418555456390,265650,93825316351184,4375639744,7,2732,1151,451
170418568160675,170418568169807,170418568178058,170418568178751,170418568182635,170418568182688,265650,93825316351184,4375639744,7,2732,1151,452
170418581282686,170418581294516,170418581305668,170418581306623,170418581311374,170418581311439,265650,93825316351184,4375639744,7,2732,1151,453
170418594327079,170418594336309,170418594344846,170418594345926,170418594351202,170418594351254,265650,93825316351184,4375639744,7,2732,1151,454
170418607370440,170418607387055,170418607398032,170418607400677,170418607404104,170418607404192,265650,93825316351184,4375639744,7,2732,1151,455
170418620594553,170418620606058,170418620616454,170418620618334,170418620621286,170418620621366,265650,93825316351184,4375639744,7,2732,1151,456
170418632928084,170418632939354,170418632950374,170418632952690,170418632955982,170418632956058,265650,93825316351184,4375639744,7,2732,1151,457
170418645837940,170418645849077,170418645859939,170418645862019,170418645865321,170418645865385,265650,93825316351184,4375639744,7,2732,1151,458
170418658829769,170418658841505,170418658852454,170418658854433,170418658857572,170418658857662,265650,93825316351184,4375639744,7,2732,1151,459
170418671224306,170418671235667,170418671247396,170418671250359,170418671257929,170418671258036,265650,93825316351184,4375639744,7,2732,1151,460
170418682997003,170418683011704,170418683022728,170418683025244,170418683031942,170418683032014,265650,93825316351184,4375639744,7,2732,1151,461
170418695763539,170418695774735,170418695785726,170418695787962,170418695794134,170418695794215,265650,93825316351184,4375639744,7,2732,1151,462
170418708068443,170418708079943,170418708091210,170418708093760,170418708098357,170418708098458,265650,93825316351184,4375639744,7,2732,1151,463
170418721287549,170418721298512,170418721309393,170418721312335,170418721315482,170418721315586,265650,93825316351184,4375639744,7,2732,1151,464
170418733797809,170418733808919,170418733819789,170418733821732,170418733827812,170418733827875,265650,93825316351184,4375639744,7,2732,1151,465
170418746153529,170418746165005,170418746176283,170418746178057,170418746184342,170418746184408,265650,93825316351184,4375639744,7,2732,1151,466
170418758823320,170418758834234,170418758844822,170418758846712,170418758853453,170418758853519,265650,93825316351184,4375639744,7,2732,1151,467
170418771385336,170418771395882,170418771406759,170418771409004,170418771414917,170418771414972,265650,93825316351184,4375639744,7,2732,1151,468
170418784422471,170418784433634,170418784444612,170418784446339,170418784452555,170418784452613,265650,93825316351184,4375639744,7,2732,1151,469
170418798142441,170418798189985,170418798202300,170418798204298,170418798209729,170418798209820,265650,93825316351184,4375639744,7,2732,1151,470
170418811200971,170418811210004,170418811218333,170418811219779,170418811224975,170418811225041,265650,93825316351184,4375639744,7,2732,1151,471
170418823678384,170418823687660,170418823696241,170418823697305,170418823699710,170418823699776,265650,93825316351184,4375639744,7,2732,1151,472
170418835893657,170418835903940,170418835913205,170418835914211,170418835918555,170418835918657,265650,93825316351184,4375639744,7,2732,1151,473
170418848601935,170418848611301,170418848620306,170418848622670,170418848629279,170418848629341,265650,93825316351184,4375639744,7,2732,1151,474
170418860511875,170418860520777,170418860528661,170418860529481,170418860534313,170418860534374,265650,93825316351184,4375639744,7,2732,1151,475
170418872813755,170418872822555,170418872830635,170418872831333,170418872834948,170418872835005,265650,93825316351184,4375639744,7,2732,1151,476
170418885468024,170418885477082,170418885485546,170418885486467,170418885490355,170418885490403,265650,93825316351184,4375639744,7,2732,1151,477
170418897988941,170418897999012,170418898011528,170418898012386,170418898016184,170418898016251,265650,93825316351184,4375639744,7,2732,1151,478
170418910385192,170418910394149,170418910402465,170418910403265,170418910406823,170418910406885,265650,93825316351184,4375639744,7,2732,1151,479
170418923346703,170418923358266,170418923367151,170418923368041,170418923371181,170418923371244,265650,93825316351184,4375639744,7,2732,1151,480
170418936259232,170418936268622,170418936277112,170418936278200,170418936282248,170418936282377,265650,93825316351184,4375639744,7,2732,1151,481
170418948248394,170418948258597,170418948268022,170418948269027,170418948273872,170418948273939,265650,93825316351184,4375639744,7,2732,1151,482
170418960761364,170418960771296,170418960780217,170418960781044,170418960785214,170418960785274,265650,93825316351184,4375639744,7,2732,1151,483
170418973407954,170418973417696,170418973428297,170418973429192,170418973433669,170418973433742,265650,93825316351184,4375639744,7,2732,1151,484
170418986293630,170418986310464,170418986322187,170418986324189,170418986327922,170418986328016,265650,93825316351184,4375639744,7,2732,1151,485
170418999181339,170418999192657,170418999203101,170418999205020,170418999209743,170418999209826,265650,93825316351184,4375639744,7,2732,1151,486
170419012203405,170419012222871,170419012234948,170419012236607,170419012242288,170419012242358,265650,93825316351184,4375639744,7,2732,1151,487
170419024853915,170419024869383,170419024880514,170419024882651,170419024885432,170419024885492,265650,93825316351184,4375639744,7,2732,1151,488
170419038153142,170419038164406,170419038173677,170419038175034,170419038178711,170419038178786,265650,93825316351184,4375639744,7,2732,1151,489
170419050827128,170419050836242,170419050844739,170419050845747,170419050849840,170419050849908,265650,93825316351184,4375639744,7,2732,1151,490
170419063688286,170419063698271,170419063707525,170419063708501,170419063713457,170419063713535,265650,93825316351184,4375639744,7,2732,1151,491
170419076837102,170419076846440,170419076855147,170419076856035,170419076860458,170419076860515,265650,93825316351184,4375639744,7,2732,1151,492
170419089924841,170419089936450,170419089947538,170419089949821,170419089954670,170419089954756,265650,93825316351184,4375639744,7,2732,1151,493
170419102829085,170419102840342,170419102851049,170419102853096,170419102856047,170419102856127,265650,93825316351184,4375639744,7,2732,1151,494
170419116056310,170419116067666,170419116078609,170419116080601,170419116084494,170419116084582,265650,93825316351184,4375639744,7,2732,1151,495
170419128728991,170419128740725,170419128751788,170419128753605,170419128759602,170419128759666,265650,93825316351184,4375639744,7,2732,1151,496
170419141558753,170419141570161,170419141581493,170419141584507,170419141587356,170419141587444,265650,93825316351184,4375639744,7,2732,1151,497
170419154362589,170419154374370,170419154385105,170419154387052,170419154390910,170419154390996,265650,93825316351184,4375639744,7,2732,1151,498
170419167166331,170419167177072,170419167187506,170419167189307,170419167192804,170419167192883,265650,93825316351184,4375639744,7,2732,1151,499
170419180030640,170419180041405,170419180052009,170419180054135,170419180057205,170419180057283,265650,93825316351184,4375639744,7,2732,1151,500
170419193060479,170419193071513,170419193082698,170419193084821,170419193088016,170419193088079,265650,93825316351184,4375639744,7,2732,1151,501
170419205745888,170419205756909,170419205767508,170419205769636,170419205772832,170419205772893,265650,93825316351184,4375639744,7,2732,1151,502
170419218717651,170419218728483,170419218739149,170419218741242,170419218744365,170419218744447,265650,93825316351184,4375639744,7,2732,1151,503
170419231804051,170419231814845,170419231825339,170419231827349,170419231830177,170419231830237,265650,93825316351184,4375639744,7,2732,1151,504
170419245027495,170419245038277,170419245049521,170419245051533,170419245054368,170419245054423,265650,93825316351184,4375639744,7,2732,1151,505
170419257796409,170419257807402,170419257818105,170419257820229,170419257823236,170419257823310,265650,93825316351184,4375639744,7,2732,1151,506
170419271201831,170419271212999,170419271223724,170419271225798,170419271230372,170419271230468,265650,93825316351184,4375639744,7,2732,1151,507
170419283492226,170419283503262,170419283514382,170419283517026,170419283521381,170419283521450,265650,93825316351184,4375639744,7,2732,1151,508
170419296019735,170419296036134,170419296048507,170419296050403,170419296055546,170419296055624,265650,93825316351184,4375639744,7,2732,1151,509
170419309806373,170419309815596,170419309824086,170419309825512,170419309830653,170419309830704,265650,93825316351184,4375639744,7,2732,1151,510
170419322280222,170419322289034,170419322297369,170419322298158,170419322302630,170419322302683,265650,93825316351184,4375639744,7,2732,1151,511
170419335386970,170419335398862,170419335408282,170419335409260,170419335413816,170419335413867,265650,93825316351184,4375639744,7,2732,1151,512
170419348904366,170419348913676,170419348921814,170419348923078,170419348925655,170419348925708,265650,93825316351184,4375639744,7,2732,1151,513
170419362455264,170419362466783,170419362475760,170419362476709,170419362481756,170419362481812,265650,93825316351184,4375639744,7,2732,1151,514
170419377843094,170419377852849,170419377862103,170419377863744,170419377870819,170419377870890,265650,93825316351184,4375639744,7,2732,1151,515
170419391104161,170419391113437,170419391123622,170419391125073,170419391128821,170419391128870,265650,93825316351184,4375639744,7,2732,1151,516
170419407591092,170419407600151,170419407608983,170419407610711,170419407615458,170419407615512,265650,93825316351184,4375639744,7,2732,1151,517
170419418014393,170419418024559,170419418033498,170419418034633,170419418038742,170419418038798,265650,93825316351184,4375639744,7,2732,1151,518
170419431169765,170419431180551,170419431188871,170419431189794,170419431194111,170419431194163,265650,93825316351184,4375639744,7,2732,1151,519
170419444527314,170419444536029,170419444543891,170419444544655,170419444547918,170419444547967,265650,93825316351184,4375639744,7,2732,1151,520
170419458314261,170419458323457,170419458331690,170419458332518,170419458334757,170419458334814,265650,93825316351184,4375639744,7,2732,1151,521
170419471856143,170419471867619,170419471878391,170419471879351,170419471883036,170419471883106,265650,93825316351184,4375639744,7,2732,1151,522
170419485250193,170419485261926,170419485271915,170419485272853,170419485277117,170419485277182,265650,93825316351184,4375639744,7,2732,1151,523
170419498934018,170419498949663,170419498961431,170419498963872,170419498967495,170419498967586,265650,93825316351184,4375639744,7,2732,1151,524
170419511585199,170419511600580,170419511612983,170419511614501,170419511621458,170419511621549,265650,93825316351184,4375639744,7,2732,1151,525
170419525078670,170419525088567,170419525097512,170419525099116,170419525103397,170419525103469,265650,93825316351184,4375639744,7,2732,1151,526
170419540176316,170419540186798,170419540196199,170419540197263,170419540202640,170419540202702,265650,93825316351184,4375639744,7,2732,1151,527
170419553589764,170419553599294,170419553608141,170419553609004,170419553613419,170419553613474,265650,93825316351184,4375639744,7,2732,1151,528
170419566442181,170419566453149,170419566462231,170419566463572,170419566466989,170419566467045,265650,93825316351184,4375639744,7,2732,1151,529
170419582101708,170419582122392,170419582134898,170419582137113,170419582147255,170419582147332,265650,93825316351184,4375639744,7,2732,1151,530
170419595664769,170419595674575,170419595683641,170419595685757,170419595690725,170419595690789,265650,93825316351184,4375639744,7,2732,1151,531
170419608974434,170419608985303,170419608995331,170419608997360,170419609004470,170419609004539,265650,93825316351184,4375639744,7,2732,1151,532
170419623515675,170419623532669,170419623544336,170419623546751,170419623549835,170419623549920,265650,93825316351184,4375639744,7,2732,1151,533
170419636687807,170419636699387,170419636710306,170419636712197,170419636719179,170419636719290,265650,93825316351184,4375639744,7,2732,1151,534
170419649196536,170419649207296,170419649218161,170419649220739,170419649224326,170419649224392,265650,93825316351184,4375639744,7,2732,1151,535
170419663103137,170419663113835,170419663124716,170419663127079,170419663133133,170419663133192,265650,93825316351184,4375639744,7,2732,1151,536
170419677033551,170419677044298,170419677054976,170419677056993,170419677059810,170419677059869,265650,93825316351184,4375639744,7,2732,1151,537
170419690692400,170419690704745,170419690715980,170419690718424,170419690723378,170419690723476,265650,93825316351184,4375639744,7,2732,1151,538
170419704607582,170419704618876,170419704629638,170419704631839,170419704636968,170419704637024,265650,93825316351184,4375639744,7,2732,1151,539
170419719858977,170419719870131,170419719881243,170419719883511,170419719888233,170419719888322,265650,93825316351184,4375639744,7,2732,1151,540
170419734096312,170419734107039,170419734117765,170419734119575,170419734122908,170419734122995,265650,93825316351184,4375639744,7,2732,1151,541
170419748191159,170419748202362,170419748213038,170419748214875,170419748217841,170419748217905,265650,93825316351184,4375639744,7,2732,1151,542
170419762059114,170419762070176,170419762080618,170419762082652,170419762088796,170419762088852,265650,93825316351184,4375639744,7,2732,1151,543
170419775877164,170419775888161,170419775900205,170419775903108,170419775906423,170419775906492,265650,93825316351184,4375639744,7,2732,1151,544
170419790344441,170419790367884,170419790380173,170419790382299,170419790388124,170419790388217,265650,93825316351184,4375639744,7,2732,1151,545
170419804403173,170419804418345,170419804430169,170419804432374,170419804437629,170419804437718,265650,93825316351184,4375639744,7,2732,1151,546
170419817155598,170419817165906,170419817175636,170419817176826,170419817181895,170419817181973,265650,93825316351184,4375639744,7,2732,1151,547
170419832077907,170419832087150,170419832095668,170419832096939,170419832101404,170419832101473,265650,93825316351184,4375639744,7,2732,1151,548
170419844192872,170419844203417,170419844212656,170419844214086,170419844219936,170419844220002,265650,93825316351184,4375639744,7,2732,1151,549
170419859080287,170419859089680,170419859098442,170419859099829,170419859104594,170419859104663,265650,93825316351184,4375639744,7,2732,1151,550
170419873109367,170419873119566,170419873128943,170419873129946,170419873134516,170419873134592,265650,93825316351184,4375639744,7,2732,1151,551
170419882516345,170419882526735,170419882536559,170419882537931,170419882542967,170419882543029,265650,93825316351184,4375639744,7,2732,1151,552
170419896082935,170419896092408,170419896100952,170419896102054,170419896105252,170419896105329,265650,93825316351184,4375639744,7,2732,1151,553
170419908786450,170419908795865,170419908804213,170419908805549,170419908809721,170419908809796,265650,93825316351184,4375639744,7,2732,1151,554
170419924109367,170419924121782,170419924133843,170419924136447,170419924141036,170419924141148,265650,93825316351184,4375639744,7,2732,1151,555
170419936295009,170419936306307,170419936317368,170419936319305,170419936323203,170419936323268,265650,93825316351184,4375639744,7,2732,1151,556
170419950281392,170419950295045,170419950304432,170419950306034,170419950309127,170419950309192,265650,93825316351184,4375639744,7,2732,1151,557
170419964304770,170419964313632,170419964321780,170419964322741,170419964327206,170419964327264,265650,93825316351184,4375639744,7,2732,1151,558
170419977833097,170419977853898,170419977865688,170419977868945,170419977874158,170419977874244,265650,93825316351184,4375639744,7,2732,1151,559
170419991975372,170419991986375,170419991997318,170419991999636,170419992007090,170419992007166,265650,93825316351184,4375639744,7,2732,1151,560
170420006254218,170420006270608,170420006283083,170420006284914,170420006290952,170420006291051,265650,93825316351184,4375639744,7,2732,1151,561
170420019568542,170420019579856,170420019593004,170420019596245,170420019602269,170420019602325,265650,93825316351184,4375639744,7,2732,1151,562
170420034884304,170420034895591,170420034906403,170420034908113,170420034911943,170420034911996,265650,93825316351184,4375639744,7,2732,1151,563
170420049220537,170420049231796,170420049243198,170420049246950,170420049253534,170420049253602,265650,93825316351184,4375639744,7,2732,1151,564
170420062344073,170420062355117,170420062365764,170420062367489,170420062371431,170420062371493,265650,93825316351184,4375639744,7,2732,1151,565
170420077088372,170420077099532,170420077110186,170420077112048,170420077118084,170420077118147,265650,93825316351184,4375639744,7,2732,1151,566
170420090898465,170420090909367,170420090919728,170420090921449,170420090925545,170420090925601,265650,93825316351184,4375639744,7,2732,1151,567
170420103635687,170420103647947,170420103659276,170420103661622,170420103663941,170420103664028,265650,93825316351184,4375639744,7,2732,1151,568
170420119157740,170420119168857,170420119179746,170420119181818,170420119185239,170420119185328,265650,93825316351184,4375639744,7,2732,1151,569
170420133345364,170420133356776,170420133369269,170420133372119,170420133375739,170420133375802,265650,93825316351184,4375639744,7,2732,1151,570
170420146651946,170420146662000,170420146671595,170420146673407,170420146678255,170420146678320,265650,93825316351184,4375639744,7,2732,1151,571
170420160821578,170420160831154,170420160840489,170420160841889,170420160845882,170420160845938,265650,93825316351184,4375639744,7,2732,1151,572
170420174446838,170420174455709,170420174463880,170420174464691,170420174467792,170420174467845,265650,93825316351184,4375639744,7,2732,1151,573
170420187967859,170420187976717,170420187984992,170420187985699,170420187989071,170420187989126,265650,93825316351184,4375639744,7,2732,1151,574
170420201694186,170420201702903,170420201710829,170420201711682,170420201714773,170420201714827,265650,93825316351184,4375639744,7,2732,1151,575
170420215506695,170420215515001,170420215522658,170420215523396,170420215527146,170420215527193,265650,93825316351184,4375639744,7,2732,1151,576
170420228690025,170420228701352,170420228709807,170420228711198,170420228714603,170420228714653,265650,93825316351184,4375639744,7,2732,1151,577
170420243747801,170420243765725,170420243778068,170420243782134,170420243785795,170420243785888,265650,93825316351184,4375639744,7,2732,1151,578
170420257218338,170420257230005,170420257240705,170420257242947,170420257247552,170420257247616,265650,93825316351184,4375639744,7,2732,1151,579
170420270453519,170420270464571,170420270475421,170420270477499,170420270481686,170420270481743,265650,93825316351184,4375639744,7,2732,1151,580
170420284090975,170420284102140,170420284113496,170420284115525,170420284119946,170420284120006,265650,93825316351184,4375639744,7,2732,1151,581
170420297984920,170420298002548,170420298011559,170420298013085,170420298020966,170420298021031,265650,93825316351184,4375639744,7,2732,1151,582
170420310425025,170420310436023,170420310444749,170420310446172,170420310451301,170420310451363,265650,93825316351184,4375639744,7,2732,1151,583
170420325465907,170420325475177,170420325483679,170420325484878,170420325490409,170420325490462,265650,93825316351184,4375639744,7,2732,1151,584
170420338745899,170420338755138,170420338763730,170420338764573,170420338767423,170420338767491,265650,93825316351184,4375639744,7,2732,1151,585
170420351538874,170420351549583,170420351559322,170420351560192,170420351565008,170420351565083,265650,93825316351184,4375639744,7,2732,1151,586
170420365616951,170420365627239,170420365636523,170420365637494,170420365643622,170420365643700,265650,93825316351184,4375639744,7,2732,1151,587
170420379091027,170420379101886,170420379111153,170420379112173,170420379117399,170420379117477,265650,93825316351184,4375639744,7,2732,1151,588
170420392203434,170420392212588,170420392221024,170420392221888,170420392227018,170420392227084,265650,93825316351184,4375639744,7,2732,1151,589
170420405080371,170420405090753,170420405100138,170420405101053,170420405106268,170420405106344,265650,93825316351184,4375639744,7,2732,1151,590
170420418581785,170420418591966,170420418601208,170420418602108,170420418608046,170420418608123,265650,93825316351184,4375639744,7,2732,1151,591
170420431451513,170420431460148,170420431468194,170420431469002,170420431474439,170420431474505,265650,93825316351184,4375639744,7,2732,1151,592
170420444856010,170420444865171,170420444873414,170420444874281,170420444878642,170420444878697,265650,93825316351184,4375639744,7,2732,1151,593
170420458212268,170420458222204,170420458231491,170420458232358,170420458236441,170420458236504,265650,93825316351184,4375639744,7,2732,1151,594
170420469843978,170420469854275,170420469862950,170420469863959,170420469868901,170420469868956,265650,93825316351184,4375639744,7,2732,1151,595
170420483176677,170420483185892,170420483194155,170420483195443,170420483200280,170420483200335,265650,93825316351184,4375639744,7,2732,1151,596
170420496644734,170420496656188,170420496667627,170420496670372,170420496675523,170420496675612,265650,93825316351184,4375639744,7,2732,1151,597
170420510194021,170420510205377,170420510216352,170420510218319,170420510221949,170420510222020,265650,93825316351184,4375639744,7,2732,1151,598
170420522761537,170420522772429,170420522783422,170420522785598,170420522790431,170420522790490,265650,93825316351184,4375639744,7,2732,1151,599
170420535472904,170420535484063,170420535494511,170420535496524,170420535499593,170420535499648,265650,93825316351184,4375639744,7,2732,1151,600
170420548242363,170420548253325,170420548264016,170420548265629,170420548268313,170420548268374,265650,93825316351184,4375639744,7,2732,1151,601
170420561172271,170420561183323,170420561193799,170420561195666,170420561199368,170420561199435,265650,93825316351184,4375639744,7,2732,1151,602
170420573853472,170420573864794,170420573875416,170420573877389,170420573883370,170420573883428,265650,93825316351184,4375639744,7,2732,1151,603
170420586511352,170420586525256,170420586536914,170420586538977,170420586542241,170420586542332,265650,93825316351184,4375639744,7,2732,1151,604
170420599536314,170420599547776,170420599558870,170420599560743,170420599564579,170420599564654,265650,93825316351184,4375639744,7,2732,1151,605
170420612479075,170420612489824,170420612499203,170420612500682,170420612503579,170420612503635,265650,93825316351184,4375639744,7,2732,1151,606
170420624749187,170420624766935,170420624778286,170420624781124,170420624786488,170420624786566,265650,93825316351184,4375639744,7,2732,1151,607
170420638131914,170420638143157,170420638155605,170420638157815,170420638161840,170420638161920,265650,93825316351184,4375639744,7,2732,1151,608
170420651114016,170420651183989,170420651195961,170420651197599,170420651204148,170420651204246,265650,93825316351184,4375639744,7,2732,1151,609
170420663339982,170420663350580,170420663360070,170420663361188,170420663365761,170420663365839,265650,93825316351184,4375639744,7,2732,1151,610
170420676481647,170420676491736,170420676501088,170420676502064,170420676506960,170420676507034,265650,93825316351184,4375639744,7,2732,1151,611
170420689462607,170420689471679,170420689480044,170420689481071,170420689484787,170420689484847,265650,93825316351184,4375639744,7,2732,1151,612
170420702160285,170420702169128,170420702177488,170420702178800,170420702184722,170420702184779,265650,93825316351184,4375639744,7,2732,1151,613
170420715616407,170420715625458,170420715633949,170420715635353,170420715641346,170420715641411,265650,93825316351184,4375639744,7,2732,1151,614
170420730263684,170420730280533,170420730291713,170420730293842,170420730299282,170420730299365,265650,93825316351184,4375639744,7,2732,1151,615
170420742477606,170420742488884,170420742499599,170420742501537,170420742507136,170420742507199,265650,93825316351184,4375639744,7,2732,1151,616
170420755654706,170420755666758,170420755677421,170420755679473,170420755685142,170420755685221,265650,93825316351184,4375639744,7,2732,1151,617
170420768497213,170420768508463,170420768519198,170420768521206,170420768527746,170420768527813,265650,93825316351184,4375639744,7,2732,1151,618
170420780896189,170420780908027,170420780918718,170420780947251,170420780953822,170420780953946,265650,93825316351184,4375639744,7,2732,1151,619
170420794011511,170420794031561,170420794044088,170420794046171,170420794056187,170420794056265,265650,93825316351184,4375639744,7,2732,1151,620
170420805553899,170420805564164,170420805573953,170420805575312,170420805579233,170420805579298,265650,93825316351184,4375639744,7,2732,1151,621
170420818325325,170420818335526,170420818345048,170420818346353,170420818350203,170420818350262,265650,93825316351184,4375639744,7,2732,1151,622
170420830376175,170420830384953,170420830393194,170420830394272,170420830399566,170420830399620,265650,93825316351184,4375639744,7,2732,1151,623
170420844862269,170420844872351,170420844881625,170420844882680,170420844888246,170420844888305,265650,93825316351184,4375639744,7,2732,1151,624
170420854891393,170420854900725,170420854909211,170420854910062,170420854916554,170420854916612,265650,93825316351184,4375639744,7,2732,1151,625
170420869012305,170420869021607,170420869030274,170420869031337,170420869035098,170420869035149,265650,93825316351184,4375639744,7,2732,1151,626
170420881581608,170420881590591,170420881598646,170420881599673,170420881604297,170420881604353,265650,93825316351184,4375639744,7,2732,1151,627
170420887025062,170420887035231,170420887044695,170420887045639,170420887049990,170420887050050,265650,93825316351184,4375639744,7,2732,1151,628
170420900692102,170420900704792,170420900717442,170420900721200,170420900726146,170420900726208,265650,93825316351184,4375639744,7,2732,1151,629
170420912820534,170420912831450,170420912842067,170420912844524,170420912847952,170420912848016,265650,93825316351184,4375639744,7,2732,1151,630
170420920592053,170420920602520,170420920611306,170420920612637,170420920616021,170420920616076,265650,93825316351184,4375639744,7,2732,1151,631
170420932775602,170420932784696,170420932793188,170420932794207,170420932798698,170420932798751,265650,93825316351184,4375639744,7,2732,1151,632
170420946266521,170420946275471,170420946283668,170420946284670,170420946288619,170420946288673,265650,93825316351184,4375639744,7,2732,1151,633
170420958086659,170420958096852,170420958106162,170420958107296,170420958111766,170420958111826,265650,93825316351184,4375639744,7,2732,1151,634
170420970082429,170420970091636,170420970099968,170420970100772,170420970103326,170420970103378,265650,93825316351184,4375639744,7,2732,1151,635
170420983825797,170420983835299,170420983843859,170420983845211,170420983849560,170420983849621,265650,93825316351184,4375639744,7,2732,1151,636
170420995514017,170420995522752,170420995530790,170420995532105,170420995535654,170420995535708,265650,93825316351184,4375639744,7,2732,1151,637
170421008831735,170421008841974,170421008851259,170421008852854,170421008857591,170421008857648,265650,93825316351184,4375639744,7,2732,1151,638
170421022317241,170421022328808,170421022339694,170421022342667,170421022347296,170421022347392,265650,93825316351184,4375639744,7,2732,1151,639
170421035643845,170421035654710,170421035665732,170421035668176,170421035671592,170421035671673,265650,93825316351184,4375639744,7,2732,1151,640
170421047800941,170421047812046,170421047822872,170421047824481,170421047827944,170421047828019,265650,93825316351184,4375639744,7,2732,1151,641
170421061256181,170421061267614,170421061278621,170421061280686,170421061284197,170421061284283,265650,93825316351184,4375639744,7,2732,1151,642
170421073527292,170421073538642,170421073549256,170421073551311,170421073554174,170421073554243,265650,93825316351184,4375639744,7,2732,1151,643
170421085924895,170421085936424,170421085948121,170421085951679,170421085954747,170421085954812,265650,93825316351184,4375639744,7,2732,1151,644
170421099658842,170421099669649,170421099681549,170421099684180,170421099687392,170421099687444,265650,93825316351184,4375639744,7,2732,1151,645
170421111942690,170421111953421,170421111964770,170421111968287,170421111971631,170421111971686,265650,93825316351184,4375639744,7,2732,1151,646
170421124086160,170421124098737,170421124109649,170421124112295,170421124116590,170421124116646,265650,93825316351184,4375639744,7,2732,1151,647
170421139476355,170421139493798,170421139503409,170421139505563,170421139512366,170421139512432,265650,93825316351184,4375639744,7,2732,1151,648
170421150489468,170421150513329,170421150525290,170421150528442,170421150531579,170421150531684,265650,93825316351184,4375639744,7,2732,1151,649
170421163583610,170421163602793,170421163613031,170421163614588,170421163624329,170421163624403,265650,93825316351184,4375639744,7,2732,1151,650
170421177934910,170421177946522,170421177957477,170421177959966,170421177964080,170421177964169,265650,93825316351184,4375639744,7,2732,1151,651
170421190579460,170421190590617,170421190603656,170421190607031,170421190610898,170421190610993,265650,93825316351184,4375639744,7,2732,1151,652
170421203048364,170421203061770,170421203073628,170421203076233,170421203081787,170421203081881,265650,93825316351184,4375639744,7,2732,1151,653
170421216132416,170421216144219,170421216155320,170421216158291,170421216164301,170421216164359,265650,93825316351184,4375639744,7,2732,1151,654
170421227742695,170421227761700,170421227774297,170421227776120,170421227782056,170421227782133,265650,93825316351184,4375639744,7,2732,1151,655
170421240175460,170421240184451,170421240192490,170421240193579,170421240198483,170421240198543,265650,93825316351184,4375639744,7,2732,1151,656
170421253808882,170421253818911,170421253828133,170421253829020,170421253834590,170421253834654,265650,93825316351184,4375639744,7,2732,1151,657
170421266260024,170421266272095,170421266284141,170421266287044,170421266296267,170421266296340,265650,93825316351184,4375639744,7,2732,1151,658
170421281299026,170421281310150,170421281320872,170421281323171,170421281326556,170421281326614,265650,93825316351184,4375639744,7,2732,1151,659
170421294258645,170421294270736,170421294281512,170421294283678,170421294290084,170421294290142,265650,93825316351184,4375639744,7,2732,1151,660
170421305861900,170421305876521,170421305889880,170421305893289,170421305905213,170421305905274,265650,93825316351184,4375639744,7,2732,1151,661
170421318774431,170421318786665,170421318798696,170421318801441,170421318811535,170421318811632,265650,93825316351184,4375639744,7,2732,1151,662
170421332589354,170421332601898,170421332613093,170421332615894,170421332618817,170421332618893,265650,93825316351184,4375639744,7,2732,1151,663
170421346406508,170421346418945,170421346432247,170421346437073,170421346443805,170421346443875,265650,93825316351184,4375639744,7,2732,1151,664
170421358570376,170421358582214,170421358593966,170421358596727,170421358602606,170421358602675,265650,93825316351184,4375639744,7,2732,1151,665
170421372408311,170421372419640,170421372430959,170421372433742,170421372438091,170421372438149,265650,93825316351184,4375639744,7,2732,1151,666
170421385383623,170421385394756,170421385405677,170421385408082,170421385412240,170421385412298,265650,93825316351184,4375639744,7,2732,1151,667
170421398784690,170421398795769,170421398806555,170421398809108,170421398813450,170421398813509,265650,93825316351184,4375639744,7,2732,1151,668
170421413261068,170421413271751,170421413282371,170421413284369,170421413288369,170421413288431,265650,93825316351184,4375639744,7,2732,1151,669
170421425826855,170421425838038,170421425848768,170421425850814,170421425855980,170421425856034,265650,93825316351184,4375639744,7,2732,1151,670
170421439724612,170421439735539,170421439746525,170421439749063,170421439754207,170421439754273,265650,93825316351184,4375639744,7,2732,1151,671
170421453726568,170421453739651,170421453749699,170421453751274,170421453755758,170421453755826,265650,93825316351184,4375639744,7,2732,1151,672
170421469009729,170421469021350,170421469032480,170421469034790,170421469039746,170421469039847,265650,93825316351184,4375639744,7,2732,1151,673
170421481448190,170421481459312,170421481470053,170421481472064,170421481476340,170421481476402,265650,93825316351184,4375639744,7,2732,1151,674
170421495086007,170421495097203,170421495107912,170421495109909,170421495114687,170421495114746,265650,93825316351184,4375639744,7,2732,1151,675
170421507780255,170421507791632,170421507803626,170421507806802,170421507811189,170421507811246,265650,93825316351184,4375639744,7,2732,1151,676
170421520910915,170421520922404,170421520933725,170421520935971,170421520940357,170421520940444,265650,93825316351184,4375639744,7,2732,1151,677
170421535444136,170421535455488,170421535466327,170421535468469,170421535471806,170421535471875,265650,93825316351184,4375639744,7,2732,1151,678
170421550666861,170421550684527,170421550696959,170421550698775,170421550704530,170421550704621,265650,93825316351184,4375639744,7,2732,1151,679
170421563464043,170421563473713,170421563482671,170421563484226,170421563489110,170421563489171,265650,93825316351184,4375639744,7,2732,1151,680
170421578095494,170421578104396,170421578112724,170421578113704,170421578117418,170421578117481,265650,93825316351184,4375639744,7,2732,1151,681
170421591107438,170421591117985,170421591127220,170421591128025,170421591132528,170421591132594,265650,93825316351184,4375639744,7,2732,1151,682
170421604262474,170421604273079,170421604282951,170421604284443,170421604287594,170421604287656,265650,93825316351184,4375639744,7,2732,1151,683
170421619606143,170421619614780,170421619623020,170421619624367,170421619629408,170421619629464,265650,93825316351184,4375639744,7,2732,1151,684
170421634032712,170421634097483,170421634109011,170421634110630,170421634118730,170421634118795,265650,93825316351184,4375639744,7,2732,1151,685
170421645541547,170421645565630,170421645578084,170421645580707,170421645589356,170421645589441,265650,93825316351184,4375639744,7,2732,1151,686
170421660440853,170421660456045,170421660468242,170421660470213,170421660474923,170421660474997,265650,93825316351184,4375639744,7,2732,1151,687
170421675128556,170421675143981,170421675156043,170421675159076,170421675164660,170421675164748,265650,93825316351184,4375639744,7,2732,1151,688
170421690106790,170421690119101,170421690128981,170421690131691,170421690136163,170421690136217,265650,93825316351184,4375639744,7,2732,1151,689
170421704011298,170421704022191,170421704032575,170421704034462,170421704040695,170421704040762,265650,93825316351184,4375639744,7,2732,1151,690
170421716473156,170421716482594,170421716491420,170421716492934,170421716495243,170421716495301,265650,93825316351184,4375639744,7,2732,1151,691
170421729152368,170421729164128,170421729175203,170421729176435,170421729180921,170421729180982,265650,93825316351184,4375639744,7,2732,1151,692
170421744194476,170421744206660,170421744215904,170421744217399,170421744223101,170421744223162,265650,93825316351184,4375639744,7,2732,1151,693
170421757395518,170421757405392,170421757414622,170421757415719,170421757420878,170421757420925,265650,93825316351184,4375639744,7,2732,1151,694
170421771191906,170421771203594,170421771214139,170421771215467,170421771220900,170421771220951,265650,93825316351184,4375639744,7,2732,1151,695
170421785671621,170421785680307,170421785688399,170421785689051,170421785693260,170421785693307,265650,93825316351184,4375639744,7,2732,1151,696
170421799329128,170421799338695,170421799347904,170421799348911,170421799353880,170421799353940,265650,93825316351184,4375639744,7,2732,1151,697
170421812998218,170421813018212,170421813027755,170421813028747,170421813032335,170421813032386,265650,93825316351184,4375639744,7,2732,1151,698
170421828035357,170421828044130,170421828052536,170421828053236,170421828055698,170421828055750,265650,93825316351184,4375639744,7,2732,1151,699
170421841298946,170421841310208,170421841318441,170421841319435,170421841323903,170421841323956,265650,93825316351184,4375639744,7,2732,1151,700
170421854696910,170421854706919,170421854716078,170421854717306,170421854721923,170421854721979,265650,93825316351184,4375639744,7,2732,1151,701
