frame,epoch,capture_ms,mean_luma,dark_fraction
0,1789845400.608155,17.159,85.484,0.000067
1,1789845400.651432,10.328,85.484,0.000067
2,1789845400.696568,5.401,85.484,0.000067
3,1789845400.746696,5.468,85.484,0.000067
4,1789845400.796709,5.426,85.484,0.000067
5,1789845400.846800,5.458,85.484,0.000067
6,1789845400.896814,5.414,85.484,0.000067
7,1789845400.946966,5.476,85.484,0.000067
8,1789845400.996928,5.359,85.484,0.000067
9,1789845401.047178,5.512,85.484,0.000067
10,1789845401.097092,5.363,85.484,0.000067
11,1789845401.147165,5.379,85.484,0.000067
12,1789845401.198136,6.264,85.484,0.000067
13,1789845401.248358,6.405,85.484,0.000067
14,1789845401.298453,6.416,85.484,0.000067
15,1789845401.348520,6.392,85.484,0.000067
16,1789845401.398516,6.326,85.484,0.000067
17,1789845401.448648,6.401,85.484,0.000067
18,1789845401.498715,6.379,85.484,0.000067
19,1789845401.548679,6.248,85.484,0.000067
20,1789845401.598836,6.342,85.484,0.000067
21,1789845401.648960,6.409,85.484,0.000067
22,1789845401.699933,7.320,85.484,0.000067
23,1789845401.750033,7.360,85.484,0.000067
24,1789845401.800143,7.406,85.484,0.000067
25,1789845401.850159,7.331,85.484,0.000067
26,1789845401.900201,7.293,85.484,0.000067
27,1789845401.950252,7.255,85.484,0.000067
28,1789845402.000450,7.340,85.484,0.000067
29,1789845402.050455,7.285,85.484,0.000067
30,1789845402.100012,6.782,85.484,0.000067
31,1789845402.150305,6.998,85.484,0.000067
32,1789845402.200989,7.604,85.484,0.000067
33,1789845402.251035,7.575,85.484,0.000067
34,1789845402.301127,7.588,85.484,0.000067
35,1789845402.351134,7.517,85.484,0.000067
36,1789845402.401119,7.430,85.484,0.000067
37,1789845402.451126,7.357,85.484,0.000067
38,1789845402.501178,7.337,85.484,0.000067
39,1789845402.551144,7.224,85.484,0.000067
40,1789845402.601264,7.271,85.484,0.000067
41,1789845402.677146,33.021,85.484,0.000067
42,1789845402.752915,58.710,85.506,0.000067
43,1789845402.841886,69.503,33.705,0.000067
44,1789845402.918272,69.297,33.705,0.000067
45,1789845402.982144,56.969,84.892,0.000067
46,1789845403.060805,64.452,84.350,0.000067
47,1789845403.152173,72.397,33.705,0.000067
48,1789845403.215765,56.618,83.828,0.000067
49,1789845403.305735,70.870,33.705,0.000067
50,1789845403.387331,72.601,82.505,0.000067
51,1789845403.464185,62.892,81.256,0.000067
52,1789845403.541422,63.226,80.416,0.000067
53,1789845403.618236,62.782,79.451,0.000067
54,1789845403.695215,62.896,78.616,0.000067
55,1789845403.786369,71.911,33.705,0.000067
56,1789845403.848923,53.483,78.616,0.000067
57,1789845403.937186,69.010,33.705,0.000067
58,1789845404.013532,67.324,33.705,0.000067
59,1789845404.076568,53.934,81.256,0.000067
60,1789845404.164563,68.824,33.705,0.000067
61,1789845404.241178,67.589,33.705,0.000067
62,1789845404.303922,53.712,83.528,0.000067
63,1789845404.380950,62.968,84.259,0.000067
64,1789845404.458224,63.166,84.283,0.000067
65,1789845404.548342,71.029,33.705,0.000067
66,1789845404.630308,72.921,85.173,0.000067
67,1789845404.706912,57.647,84.969,0.000067
68,1789845404.783573,62.681,85.484,0.000067
69,1789845404.860010,62.386,84.969,0.000067
70,1789845404.936458,57.585,85.173,0.000067
71,1789845405.026971,71.566,33.705,0.000067
72,1789845405.103844,67.784,33.705,0.000067
73,1789845405.166666,53.775,84.379,0.000067
74,1789845405.256577,70.532,33.705,0.000067
75,1789845405.339057,73.452,83.186,0.000067
76,1789845405.429166,71.030,33.705,0.000067
77,1789845405.506238,67.676,33.705,0.000067
78,1789845405.568841,55.711,80.651,0.000067
79,1789845405.658577,70.488,33.705,0.000067
80,1789845405.722765,57.346,78.616,0.000067
81,1789845405.812842,70.696,33.705,0.000067
82,1789845405.888902,66.948,33.705,0.000067
83,1789845405.966197,68.180,33.705,0.000067
84,1789845406.029172,54.011,80.416,0.000067
85,1789845406.119357,71.119,33.705,0.000067
86,1789845406.182919,54.530,82.505,0.000067
87,1789845406.258942,56.900,82.920,0.000067
88,1789845406.335856,57.659,83.935,0.000067
89,1789845406.426151,70.930,33.705,0.000067
90,1789845406.489200,54.005,84.381,0.000067
91,1789845406.579318,70.857,33.705,0.000067
92,1789845406.655768,67.387,33.705,0.000067
93,1789845406.730340,65.483,33.705,0.000067
94,1789845406.806758,67.406,33.705,0.000067
95,1789845406.883214,67.441,33.705,0.000067
96,1789845406.959781,67.627,33.705,0.000067
97,1789845407.036195,67.292,33.705,0.000067
98,1789845407.114052,68.760,33.705,0.000067
99,1789845407.189933,66.890,33.705,0.000067
100,1789845407.266809,67.749,33.705,0.000067
101,1789845407.345215,69.208,33.705,0.000067
102,1789845407.407131,52.868,82.587,0.000067
103,1789845407.495298,69.091,33.705,0.000067
104,1789845407.576434,72.036,80.680,0.000067
105,1789845407.653620,62.927,79.608,0.000067
106,1789845407.742819,69.957,33.705,0.000067
107,1789845407.805109,53.282,77.591,0.000067
108,1789845407.881660,62.261,78.549,0.000067
109,1789845407.957925,61.924,79.440,0.000067
110,1789845408.034276,62.266,80.258,0.000067
111,1789845408.111731,63.204,81.496,0.000067
112,1789845408.187261,61.441,82.278,0.000067
113,1789845408.264230,62.995,83.014,0.000067
114,1789845408.341058,62.838,83.786,0.000067
115,1789845408.417213,62.128,83.887,0.000067
116,1789845408.493950,62.546,84.510,0.000067
117,1789845408.584583,71.731,33.705,0.000067
118,1789845408.665493,71.935,84.854,0.000067
119,1789845408.755516,71.119,33.705,0.000067
120,1789845408.831947,67.356,33.705,0.000067
121,1789845408.894681,53.730,85.318,0.000067
122,1789845408.984285,70.776,33.705,0.000067
123,1789845409.061527,68.168,33.705,0.000067
124,1789845409.136960,66.476,33.705,0.000067
125,1789845409.213876,67.913,33.705,0.000067
126,1789845409.290166,67.217,33.705,0.000067
127,1789845409.352748,53.579,83.324,0.000067
128,1789845409.429478,62.546,82.587,0.000067
129,1789845409.520297,71.651,33.705,0.000067
130,1789845409.582794,53.422,80.700,0.000067
131,1789845409.659496,57.393,80.114,0.000067
132,1789845409.750558,71.871,33.705,0.000067
133,1789845409.824084,64.537,33.705,0.000067
134,1789845409.905624,72.595,78.178,0.000067
135,1789845409.983365,58.204,79.440,0.000067
136,1789845410.073979,71.509,33.705,0.000067
137,1789845410.150965,67.925,33.705,0.000067
138,1789845410.227666,67.653,33.705,0.000067
139,1789845410.304105,67.339,33.705,0.000067
140,1789845410.380328,67.149,33.705,0.000067
141,1789845410.443222,53.829,83.887,0.000067
142,1789845410.519792,62.427,84.510,0.000067
143,1789845410.595684,61.855,84.707,0.000067
144,1789845410.672751,63.173,84.666,0.000067
145,1789845410.762276,70.310,33.705,0.000067
146,1789845410.824670,55.507,85.206,0.000067
147,1789845410.901187,62.521,85.444,0.000067
148,1789845410.978310,63.326,85.160,0.000067
149,1789845411.068887,71.179,33.705,0.000067
150,1789845411.130556,54.881,84.678,0.000067
151,1789845411.221370,71.957,33.705,0.000067
152,1789845411.303763,73.375,84.065,0.000067
153,1789845411.395931,73.169,33.705,0.000067
154,1789845411.472662,69.871,33.705,0.000067
155,1789845411.535658,56.011,81.925,0.000067
156,1789845411.612221,62.497,80.945,0.000067
157,1789845411.688133,61.864,79.869,0.000067
158,1789845411.763905,61.682,78.786,0.000067
159,1789845411.837747,59.810,77.997,0.000067
160,1789845411.913870,62.047,78.388,0.000067
161,1789845411.990128,62.162,79.305,0.000067
162,1789845412.066900,62.750,80.251,0.000067
163,1789845412.143115,61.994,81.080,0.000067
164,1789845412.219806,62.620,81.900,0.000067
165,1789845412.296505,62.688,82.977,0.000067
166,1789845412.372272,61.833,83.361,0.000067
167,1789845412.449693,63.757,84.117,0.000067
168,1789845412.526648,62.914,84.406,0.000067
169,1789845412.603089,62.531,84.331,0.000067
170,1789845412.679624,62.583,84.896,0.000067
171,1789845412.755427,61.712,85.160,0.000067
172,1789845412.821289,51.991,85.072,0.000067
173,1789845412.839115,3.887,85.072,0.000067
174,1789845412.889214,3.900,85.072,0.000067
175,1789845412.939535,4.162,85.072,0.000067
176,1789845412.989327,3.880,85.106,0.000067
177,1789845413.039654,4.145,85.106,0.000067
178,1789845413.089640,4.063,85.106,0.000067
179,1789845413.140160,4.498,85.106,0.000067
180,1789845413.190128,4.381,85.106,0.000067
181,1789845413.240255,4.430,85.106,0.000067
182,1789845413.290559,4.654,85.106,0.000067
183,1789845413.340614,4.653,85.106,0.000067
184,1789845413.390654,4.634,85.106,0.000067
185,1789845413.441236,5.151,85.106,0.000067
186,1789845413.491361,5.218,85.106,0.000067
187,1789845413.541362,5.159,85.106,0.000067
188,1789845413.591167,4.906,85.106,0.000067
189,1789845413.641481,5.161,85.106,0.000067
190,1789845413.691913,5.486,85.106,0.000067
191,1789845413.741924,5.422,85.106,0.000067
192,1789845413.797328,10.760,85.106,0.000067
193,1789845413.842332,5.707,85.106,0.000067
194,1789845413.892403,5.694,85.106,0.000067
195,1789845413.942464,5.679,85.106,0.000067
196,1789845413.992416,5.546,85.106,0.000067
197,1789845414.042617,5.668,85.106,0.000067
198,1789845414.092681,5.673,85.106,0.000067
199,1789845414.143384,6.287,85.106,0.000067
200,1789845414.193465,6.309,85.106,0.000067
201,1789845414.243479,6.262,85.106,0.000067
202,1789845414.293128,5.851,85.106,0.000067
203,1789845414.343333,5.942,85.106,0.000067
204,1789845414.393494,6.028,85.106,0.000067
205,1789845414.443720,6.137,85.106,0.000067
206,1789845414.493630,5.972,85.106,0.000067
207,1789845414.543532,5.788,85.106,0.000067
208,1789845414.593587,5.765,85.106,0.000067
209,1789845414.644814,6.892,85.106,0.000067
210,1789845414.695247,7.245,85.106,0.000067
211,1789845414.745248,7.145,85.106,0.000067
212,1789845414.795507,7.347,85.106,0.000067
213,1789845414.845621,7.398,85.106,0.000067
214,1789845414.895516,7.231,85.106,0.000067
215,1789845414.945655,7.312,85.106,0.000067
216,1789845414.995734,7.332,85.106,0.000067
217,1789845415.045810,7.296,85.106,0.000067
218,1789845415.095882,7.311,85.106,0.000067
219,1789845415.146457,7.803,85.106,0.000067
220,1789845415.196561,7.847,85.106,0.000067
221,1789845415.246615,7.813,85.106,0.000067
222,1789845415.296653,7.793,85.106,0.000067
223,1789845415.346785,7.835,85.106,0.000067
224,1789845415.396909,7.873,85.106,0.000067
225,1789845415.446931,7.845,85.106,0.000067
226,1789845415.497089,7.942,85.106,0.000067
227,1789845415.547096,7.890,85.106,0.000067
228,1789845415.597055,7.790,85.106,0.000067
229,1789845415.647189,7.867,85.106,0.000067
230,1789845415.697186,7.804,85.106,0.000067
231,1789845415.747338,7.899,85.106,0.000067
232,1789845415.797335,7.837,85.106,0.000067
233,1789845415.847419,7.863,85.106,0.000067
234,1789845415.897361,7.715,85.106,0.000067
235,1789845415.947492,7.762,85.106,0.000067
236,1789845415.997558,7.746,85.106,0.000067
237,1789845416.047644,7.768,85.106,0.000067
238,1789845416.097785,7.843,85.106,0.000067
239,1789845416.147792,7.789,85.106,0.000067
240,1789845416.197980,7.883,85.106,0.000067
241,1789845416.248080,7.831,85.106,0.000067
242,1789845416.298152,7.843,85.106,0.000067
243,1789845416.348307,7.859,85.106,0.000067
244,1789845416.398397,7.886,85.106,0.000067
245,1789845416.448529,7.957,85.106,0.000067
246,1789845416.498526,7.873,85.106,0.000067
247,1789845416.548512,7.771,85.106,0.000067
248,1789845416.598536,7.703,85.106,0.000067
249,1789845416.648576,7.687,85.106,0.000067
250,1789845416.698744,7.797,85.106,0.000067
251,1789845416.748541,7.518,85.106,0.000067
252,1789845416.798937,7.802,85.106,0.000067
253,1789845416.848573,7.377,85.106,0.000067
254,1789845416.898652,7.397,85.106,0.000067
255,1789845416.948805,7.490,85.106,0.000067
256,1789845416.999297,7.922,85.106,0.000067
257,1789845417.049352,7.915,85.106,0.000067
258,1789845417.099327,7.808,85.106,0.000067
259,1789845417.149363,7.784,85.106,0.000067
260,1789845417.199478,7.817,85.106,0.000067
261,1789845417.249470,7.721,85.106,0.000067
262,1789845417.299584,7.750,85.106,0.000067
263,1789845417.349748,7.830,85.106,0.000067
264,1789845417.399832,7.831,85.106,0.000067
265,1789845417.449869,7.809,85.106,0.000067
266,1789845417.499761,7.682,85.106,0.000067
267,1789845417.549974,7.837,85.106,0.000067
268,1789845417.600108,7.913,85.106,0.000067
269,1789845417.650090,7.837,85.106,0.000067
270,1789845417.700104,7.768,85.106,0.000067
271,1789845417.750149,7.735,85.106,0.000067
272,1789845417.800247,7.766,85.106,0.000067
273,1789845417.850436,7.817,85.106,0.000067
274,1789845417.900412,7.712,85.106,0.000067
275,1789845417.950533,7.721,85.106,0.000067
276,1789845418.000606,7.716,85.106,0.000067
277,1789845418.050943,7.993,85.106,0.000067
278,1789845418.100766,7.760,85.106,0.000067
279,1789845418.150954,7.879,85.106,0.000067
