epoch,hwnd,before,after,interleaved_rows,ms
1789847011.8917499,0x40db2,4b6864,1c1c1c,0,12.742280960083008
1789847011.9167736,0x40db2,4b6864,1c1c1c,0,4.6634674072265625
1789847011.9298704,0x40db2,627c75,1c1c1c,0,4.605770111083984
1789847011.9444358,0x40db2,5f7162,1c1c1c,0,3.324747085571289
1789847011.9573586,0x40db2,5b6d66,1c1c1c,0,3.373861312866211
1789847011.969576,0x40db2,465a52,1c1c1c,0,2.4225711822509766
1789847011.9853585,0x40db2,506b62,1c1c1c,0,4.530429840087891
1789847011.9990337,0x40db2,4e5d58,1c1c1c,0,2.8154850006103516
1789847012.0118332,0x40db2,485550,1c1c1c,0,3.648996353149414
1789847012.0243874,0x40db2,506159,1c1c1c,0,3.099679946899414
1789847012.0376291,0x40db2,485755,1c1c1c,0,3.7994384765625
1789847012.0490344,0x40db2,41504e,1c1c1c,0,2.0723342895507812
1789847012.0623717,0x40db2,455556,1c1c1c,0,4.190206527709961
1789847012.0751877,0x40db2,445456,1c1c1c,0,3.2405853271484375
1789847012.0869327,0x40db2,1c1c1c,1c1c1c,0,5.671262741088867
1789847012.0979958,0x40db2,404d4e,1c1c1c,0,1.299142837524414
1789847012.1128266,0x40db2,435151,1c1c1c,0,4.838466644287109
1789847012.1266253,0x40db2,3f4a4b,1c1c1c,0,4.572629928588867
1789847012.1402915,0x40db2,5d6862,1c1c1c,0,3.3295154571533203
1789847012.15368,0x40db2,3b4543,1c1c1c,0,4.384040832519531
1789847012.1671448,0x40db2,4a5f55,1c1c1c,0,3.4122467041015625
1789847012.1785564,0x40db2,3c4b49,1c1c1c,0,2.7170181274414062
1789847012.1925805,0x40db2,465754,1c1c1c,0,3.1588077545166016
1789847012.2029889,0x40db2,455353,1c1c1c,0,2.729177474975586
1789847012.216146,0x40db2,3c4b4e,1c1c1c,0,3.318309783935547
1789847012.230139,0x40db2,404f53,1c1c1c,0,4.790306091308594
1789847012.2420104,0x40db2,3b4d4f,1c1c1c,0,2.319812774658203
1789847012.2547305,0x40db2,576b67,1c1c1c,0,4.868984222412109
1789847012.26779,0x40db2,5f7267,1c1c1c,0,2.388477325439453
1789847012.2789075,0x40db2,47554f,1c1c1c,0,2.6617050170898438
1789847012.2921298,0x40db2,566b5a,1c1c1c,0,3.3025741577148438
1789847012.3051152,0x40db2,6a7768,1c1c1c,0,5.390644073486328
1789847012.3175018,0x40db2,434d4b,1c1c1c,0,2.315998077392578
1789847012.3291614,0x40db2,404b4a,1c1c1c,0,2.7670860290527344
1789847012.3437066,0x40db2,424d4b,1c1c1c,0,3.681182861328125
1789847012.3551316,0x40db2,434a47,1c1c1c,0,4.783391952514648
1789847012.3676584,0x40db2,48514c,1c1c1c,0,2.4619102478027344
1789847012.3802452,0x40db2,678171,1c1c1c,0,2.7494430541992188
1789847012.394189,0x40db2,3a4947,1c1c1c,0,3.231525421142578
1789847012.4069047,0x40db2,3f4f4f,1c1c1c,0,3.273487091064453
1789847012.4194467,0x40db2,555e5b,1c1c1c,0,2.610921859741211
1789847012.4330752,0x40db2,414548,1c1c1c,0,3.3500194549560547
1789847012.4453397,0x40db2,6e7565,1c1c1c,0,2.47955322265625
1789847012.4582245,0x40db2,5d6251,1c1c1c,0,3.5529136657714844
1789847012.4702504,0x40db2,4a4f4b,1c1c1c,0,2.2978782653808594
1789847012.4840276,0x40db2,626659,1c1c1c,0,3.472566604614258
1789847012.49615,0x40db2,4b534c,1c1c1c,0,2.3958683013916016
1789847012.510553,0x40db2,3b4645,1c1c1c,0,3.6950111389160156
1789847012.521714,0x40db2,45504d,1c1c1c,0,2.3179054260253906
1789847012.537317,0x40db2,4f5f58,1c1c1c,0,3.8056373596191406
1789847012.5506082,0x40db2,3e4e4d,1c1c1c,0,3.439664840698242
1789847012.5631752,0x40db2,3c4a4a,1c1c1c,0,3.5033226013183594
1789847012.5751338,0x40db2,3f4f4e,1c1c1c,0,3.155946731567383
1789847012.587716,0x40db2,3b494a,1c1c1c,0,3.563404083251953
1789847012.5984771,0x40db2,3a484a,1c1c1c,0,1.9996166229248047
1789847012.6120636,0x40db2,354245,1c1c1c,0,3.919363021850586
1789847012.6247761,0x40db2,374546,1c1c1c,0,3.219127655029297
1789847012.6381726,0x40db2,404945,1c1c1c,0,3.931760787963867
1789847012.6493685,0x40db2,5a665c,1c1c1c,0,2.225637435913086
1789847012.661955,0x40db2,404b45,1c1c1c,0,3.6869049072265625
1789847012.6749806,0x40db2,45524e,1c1c1c,0,3.182649612426758
1789847012.688209,0x40db2,3c4144,1c1c1c,0,3.706216812133789
1789847012.6990259,0x40db2,3a3f44,1c1c1c,0,2.1483898162841797
1789847012.711637,0x40db2,414549,1c1c1c,0,3.5686492919921875
1789847012.724459,0x40db2,494e52,1c1c1c,0,3.239154815673828
1789847012.7377973,0x40db2,444445,1c1c1c,0,3.7648677825927734
1789847012.7489874,0x40db2,50504c,1c1c1c,0,2.141237258911133
1789847012.762811,0x40db2,54524d,1c1c1c,0,4.282474517822266
1789847012.7765772,0x40db2,453f3f,1c1c1c,0,4.280328750610352
1789847012.7904642,0x40db2,4a433f,1c1c1c,0,4.789113998413086
1789847012.8038213,0x40db2,605146,1c1c1c,0,4.675626754760742
1789847012.8171716,0x40db2,373b3f,1c1c1c,0,3.5707950592041016
1789847012.8316667,0x40db2,3a4043,1c1c1c,0,5.058526992797852
1789847012.844374,0x40db2,353942,1c1c1c,0,2.7170181274414062
1789847012.8571262,0x40db2,383c40,1c1c1c,0,2.981424331665039
1789847012.8692272,0x40db2,33373a,1c1c1c,0,2.4437904357910156
1789847012.8837576,0x40db2,3b3c3c,1c1c1c,0,3.701448440551758
1789847012.8960793,0x40db2,343333,1c1c1c,0,2.647876739501953
1789847012.9083793,0x40db2,3d3b3b,1c1c1c,0,3.1969547271728516
1789847012.9209704,0x40db2,343333,1c1c1c,0,2.657651901245117
1789847012.9364934,0x40db2,3b3c3c,1c1c1c,0,4.71949577331543
1789847012.950675,0x40db2,454242,1c1c1c,0,3.425121307373047
1789847012.964884,0x40db2,383c40,1c1c1c,0,4.401445388793945
1789847012.978032,0x40db2,353942,1c1c1c,0,4.142284393310547
1789847012.9917614,0x40db2,3b4046,1c1c1c,0,3.560304641723633
1789847013.0052915,0x40db2,373b3f,1c1c1c,0,4.695415496826172
1789847013.0173318,0x40db2,605146,1c1c1c,0,2.2652149200439453
1789847013.0298052,0x40db2,4a433f,1c1c1c,0,2.9535293579101562
1789847013.0437624,0x40db2,453f3f,1c1c1c,0,3.2088756561279297
1789847013.0563915,0x40db2,54524d,1c1c1c,0,2.9077529907226562
1789847013.0682185,0x40db2,50504c,1c1c1c,0,2.4390220642089844
1789847013.0812416,0x40db2,3e4041,1c1c1c,0,6.519317626953125
1789847013.0936518,0x40db2,494e52,1c1c1c,0,2.400636672973633
1789847013.1063726,0x40db2,414549,1c1c1c,0,3.180265426635742
1789847013.1188812,0x40db2,3a3f44,1c1c1c,0,2.622365951538086
1789847013.1335692,0x40db2,3c4144,1c1c1c,0,4.954338073730469
1789847013.1454034,0x40db2,45524e,1c1c1c,0,2.3407936096191406
1789847013.158253,0x40db2,404b45,1c1c1c,0,3.3369064331054688
1789847013.169932,0x40db2,5a665c,1c1c1c,0,2.5053024291992188
1789847013.1829448,0x40db2,374546,1c1c1c,0,4.346132278442383
1789847013.1957526,0x40db2,39484a,1c1c1c,0,2.57110595703125
1789847013.209935,0x40db2,354245,1c1c1c,0,3.564119338989258
1789847013.222166,0x40db2,3a484a,1c1c1c,0,1.1987686157226562
1789847013.2372813,0x40db2,3b494a,1c1c1c,0,3.912687301635742
1789847013.247375,0x40db2,3f4f4e,1c1c1c,0,1.1217594146728516
1789847013.2609015,0x40db2,3d4c4d,1c1c1c,0,3.673553466796875
1789847013.2751372,0x40db2,3e4e4d,1c1c1c,0,3.350973129272461
1789847013.2879193,0x40db2,4f5f58,1c1c1c,0,3.9048194885253906
1789847013.2985773,0x40db2,45504d,1c1c1c,0,2.0656585693359375
1789847013.3119211,0x40db2,3b4645,1c1c1c,0,3.654956817626953
1789847013.3268147,0x40db2,4b534c,1c1c1c,0,4.5757293701171875
1789847013.3403175,0x40db2,626659,1c1c1c,0,3.2160282135009766
1789847013.3482583,0x40db2,4a4f4b,1c1c1c,0,1.270294189453125
1789847013.3615887,0x40db2,1c1c1c,1c1c1c,0,5.996465682983398
1789847013.371662,0x40db2,585d5a,1c1c1c,0,1.3141632080078125
1789847013.3872745,0x40db2,585d5a,1c1c1c,0,3.7047863006591797
1789847013.3988576,0x40db2,555e5b,1c1c1c,0,2.076864242553711
1789847013.412623,0x40db2,434e4d,1c1c1c,0,4.461526870727539
1789847013.42704,0x40db2,3a4947,1c1c1c,0,4.790782928466797
1789847013.4413974,0x40db2,678171,1c1c1c,0,3.7314891815185547
1789847013.4533782,0x40db2,48514c,1c1c1c,0,4.644632339477539
1789847013.4675546,0x40db2,434a47,1c1c1c,0,3.567934036254883
1789847013.4819872,0x40db2,5a6663,1c1c1c,0,4.65703010559082
1789847013.4939215,0x40db2,404b4a,1c1c1c,0,2.5899410247802734
1789847013.5078082,0x40db2,58605b,1c1c1c,0,3.396749496459961
1789847013.5196264,0x40db2,6a7768,1c1c1c,0,2.493143081665039
1789847013.5351396,0x40db2,505c59,1c1c1c,0,4.397392272949219
1789847013.5471342,0x40db2,47554f,1c1c1c,0,2.4328231811523438
1789847013.5608392,0x40db2,4c5e56,1c1c1c,0,3.7224292755126953
1789847013.5746953,0x40db2,3b4d4f,1c1c1c,0,3.0820369720458984
1789847013.588804,0x40db2,405054,1c1c1c,0,4.83250617980957
1789847013.6014743,0x40db2,3c4b4e,1c1c1c,0,3.1266212463378906
1789847013.6143563,0x40db2,3e4c4e,1c1c1c,0,4.025459289550781
1789847013.6288385,0x40db2,465754,1c1c1c,0,5.099296569824219
1789847013.6427467,0x40db2,546a62,1c1c1c,0,3.283977508544922
1789847013.6548412,0x40db2,4a5f55,1c1c1c,0,5.241155624389648
1789847013.667969,0x40db2,3b4543,1c1c1c,0,2.541065216064453
1789847013.679568,0x40db2,5d6862,1c1c1c,0,2.6891231536865234
1789847013.692322,0x40db2,3f4a4b,1c1c1c,0,3.0508041381835938
1789847013.7049212,0x40db2,54625f,1c1c1c,0,5.272626876831055
1789847013.7173703,0x40db2,404d4e,1c1c1c,0,2.3446083068847656
1789847013.7298892,0x40db2,405051,1c1c1c,0,3.0748844146728516
1789847013.743316,0x40db2,445456,1c1c1c,0,3.2172203063964844
1789847013.7555966,0x40db2,455556,1c1c1c,0,2.7391910552978516
1789847013.7673993,0x40db2,41504e,1c1c1c,0,2.342700958251953
1789847013.781613,0x40db2,485755,1c1c1c,0,6.875038146972656
1789847013.7937176,0x40db2,506159,1c1c1c,0,2.4750232696533203
1789847013.8071556,0x40db2,45554d,1c1c1c,0,3.5741329193115234
1789847013.8193448,0x40db2,4e5d58,1c1c1c,0,2.6526451110839844
1789847013.8330224,0x40db2,576864,1c1c1c,0,3.4079551696777344
1789847013.845022,0x40db2,465a52,1c1c1c,0,2.249002456665039
1789847013.8584223,0x40db2,455c55,1c1c1c,0,3.3142566680908203
1789847013.8699212,0x40db2,40554c,1c1c1c,0,2.2864341735839844
1789847013.8851774,0x40db2,58685c,1c1c1c,0,4.256725311279297
1789847013.8985965,0x40db2,6f8071,1c1c1c,0,2.2516250610351562
1789847013.910846,0x40db2,627c75,1c1c1c,0,3.6039352416992188
1789847013.9241743,0x40db2,4b6864,1c1c1c,0,3.1883716583251953
1789847013.9378953,0x40db2,627c75,1c1c1c,0,3.839254379272461
1789847013.9487662,0x40db2,6f8071,1c1c1c,0,2.171039581298828
1789847013.9616642,0x40db2,58685c,1c1c1c,0,3.7848949432373047
1789847013.9769273,0x40db2,5b6d66,1c1c1c,0,4.393815994262695
1789847013.9915938,0x40db2,455c55,1c1c1c,0,3.765583038330078
1789847014.004005,0x40db2,465a52,1c1c1c,0,4.465579986572266
1789847014.0180528,0x40db2,576864,1c1c1c,0,2.623319625854492
1789847014.0299397,0x40db2,485550,1c1c1c,0,4.890918731689453
1789847014.043466,0x40db2,45554d,1c1c1c,0,2.5048255920410156
1789847014.0559938,0x40db2,495955,1c1c1c,0,4.463672637939453
1789847014.0675533,0x40db2,485755,1c1c1c,0,2.234935760498047
1789847014.0794032,0x40db2,465656,1c1c1c,0,4.273414611816406
1789847014.0938225,0x40db2,455556,1c1c1c,0,2.548694610595703
1789847014.1058977,0x40db2,435354,1c1c1c,0,4.57763671875
1789847014.1178749,0x40db2,405051,1c1c1c,0,2.3047924041748047
1789847014.1299474,0x40db2,54625f,1c1c1c,0,5.654096603393555
1789847014.143796,0x40db2,435151,1c1c1c,0,3.4475326538085938
1789847014.1556215,0x40db2,5d6862,1c1c1c,0,4.050493240356445
1789847014.1693854,0x40db2,3d4844,1c1c1c,0,2.458333969116211
1789847014.1815164,0x40db2,4b5e57,1c1c1c,0,5.816459655761719
1789847014.1944427,0x40db2,4a5f55,1c1c1c,0,2.6702880859375
1789847014.206252,0x40db2,3c4b49,1c1c1c,0,5.067586898803711
1789847014.2192214,0x40db2,465754,1c1c1c,0,2.3508071899414062
1789847014.2336676,0x40db2,3e4c4e,1c1c1c,0,5.029201507568359
1789847014.246661,0x40db2,3c4b4e,1c1c1c,0,2.779245376586914
1789847014.2597554,0x40db2,405054,1c1c1c,0,3.335237503051758
1789847014.2718067,0x40db2,576b67,1c1c1c,0,2.5527477264404297
1789847014.2875395,0x40db2,4c5e56,1c1c1c,0,4.704952239990234
1789847014.3002267,0x40db2,47554f,1c1c1c,0,1.9943714141845703
1789847014.3137372,0x40db2,505c59,1c1c1c,0,4.546880722045898
1789847014.3286629,0x40db2,6a7768,1c1c1c,0,4.475831985473633
1789847014.3428137,0x40db2,58605b,1c1c1c,0,3.518819808959961
1789847014.355176,0x40db2,404b4a,1c1c1c,0,5.288124084472656
1789847014.3687615,0x40db2,424d4b,1c1c1c,0,3.3388137817382812
1789847014.381554,0x40db2,434a47,1c1c1c,0,6.226301193237305
1789847014.394281,0x40db2,48514c,1c1c1c,0,2.3131370544433594
1789847014.407111,0x40db2,678171,1c1c1c,0,4.138708114624023
1789847014.419139,0x40db2,3a4947,1c1c1c,0,2.326488494873047
1789847014.4312747,0x40db2,434e4d,1c1c1c,0,2.7964115142822266
1789847014.4458907,0x40db2,555e5b,1c1c1c,0,3.3376216888427734
1789847014.457829,0x40db2,585d5a,1c1c1c,0,5.227804183959961
1789847014.469647,0x40db2,6e7565,1c1c1c,0,2.2988319396972656
1789847014.482345,0x40db2,606f62,1c1c1c,0,2.783060073852539
1789847014.495526,0x40db2,4a4f4b,1c1c1c,0,3.221750259399414
1789847014.508035,0x40db2,646c59,1c1c1c,0,3.277301788330078
1789847014.5213218,0x40db2,4b534c,1c1c1c,0,2.434253692626953
1789847014.5371833,0x40db2,465250,1c1c1c,0,4.797458648681641
1789847014.548891,0x40db2,45504d,1c1c1c,0,2.3698806762695312
1789847014.562755,0x40db2,737d75,1c1c1c,0,3.903627395629883
1789847014.5746167,0x40db2,3e4e4d,1c1c1c,0,1.2099742889404297
1789847014.5888948,0x40db2,3c4a4a,1c1c1c,0,3.7717819213867188
1789847014.6007876,0x40db2,3e4d4d,1c1c1c,0,2.231597900390625
1789847014.6134002,0x40db2,3b494a,1c1c1c,0,3.6242008209228516
1789847014.6238973,0x40db2,3e4d4f,1c1c1c,0,1.1386871337890625
1789847014.6394649,0x40db2,354245,1c1c1c,0,3.865957260131836
1789847014.65038,0x40db2,374546,1c1c1c,0,2.086639404296875
1789847014.663469,0x40db2,404945,1c1c1c,0,3.8530826568603516
1789847014.6768858,0x40db2,636b5f,1c1c1c,0,3.197193145751953
1789847014.6902614,0x40db2,404b45,1c1c1c,0,3.7381649017333984
1789847014.7003698,0x40db2,45524e,1c1c1c,0,1.9407272338867188
1789847014.713995,0x40db2,3c4144,1c1c1c,0,3.9865970611572266
1789847014.7262185,0x40db2,3e4348,1c1c1c,0,3.070354461669922
1789847014.7394843,0x40db2,414549,1c1c1c,0,3.5712718963623047
1789847014.7510304,0x40db2,494e52,1c1c1c,0,2.238750457763672
1789847014.7640538,0x40db2,444445,1c1c1c,0,3.6444664001464844
1789847014.7764308,0x40db2,50504c,1c1c1c,0,3.0541419982910156
1789847014.7896087,0x40db2,54524d,1c1c1c,0,3.798246383666992
1789847014.8003118,0x40db2,453f3f,1c1c1c,0,2.112865447998047
1789847014.813657,0x40db2,4a433f,1c1c1c,0,4.323720932006836
1789847014.828844,0x40db2,605146,1c1c1c,0,4.589080810546875
1789847014.8424945,0x40db2,373b3f,1c1c1c,0,3.497600555419922
1789847014.8540363,0x40db2,3a4043,1c1c1c,0,4.873037338256836
1789847014.8680506,0x40db2,353942,1c1c1c,0,3.6830902099609375
1789847014.8796403,0x40db2,383c40,1c1c1c,0,2.731800079345703
1789847014.893696,0x40db2,33373a,1c1c1c,0,3.111124038696289
1789847014.9060535,0x40db2,3b3c3c,1c1c1c,0,5.222797393798828
1789847014.919267,0x40db2,343333,1c1c1c,0,2.369403839111328
1789847014.9327238,0x40db2,3d3b3b,1c1c1c,0,6.576776504516602
1789847014.945178,0x40db2,3a3839,1c1c1c,0,3.2281875610351562
1789847014.9590633,0x40db2,3b3c3c,1c1c1c,0,5.008935928344727
1789847014.9712756,0x40db2,454242,1c1c1c,0,2.549886703491211
1789847014.9871516,0x40db2,383c40,1c1c1c,0,5.036115646362305
1789847015.0000906,0x40db2,33373e,1c1c1c,0,2.1736621856689453
1789847015.0130625,0x40db2,3b4046,1c1c1c,0,3.7844181060791016
1789847015.0291262,0x40db2,373b3f,1c1c1c,0,4.844427108764648
1789847015.042823,0x40db2,575251,1c1c1c,0,3.5479068756103516
1789847015.0551424,0x40db2,4a433f,1c1c1c,0,4.27699089050293
1789847015.0688243,0x40db2,453f3f,1c1c1c,0,3.4067630767822266
1789847015.0811098,0x40db2,54524d,1c1c1c,0,5.969047546386719
1789847015.0937698,0x40db2,50504c,1c1c1c,0,3.4766197204589844
1789847015.1079617,0x40db2,444445,1c1c1c,0,4.866123199462891
1789847015.120091,0x40db2,494e52,1c1c1c,0,2.5298595428466797
1789847015.1319027,0x40db2,414549,1c1c1c,0,2.712249755859375
1789847015.1452475,0x40db2,3a3f44,1c1c1c,0,3.36456298828125
1789847015.1577182,0x40db2,3c4144,1c1c1c,0,3.2494068145751953
1789847015.1699107,0x40db2,45524e,1c1c1c,0,2.5033950805664062
1789847015.1843042,0x40db2,404b45,1c1c1c,0,3.2720565795898438
1789847015.1967592,0x40db2,5a665c,1c1c1c,0,2.6094913482666016
1789847015.2094574,0x40db2,404945,1c1c1c,0,3.3664703369140625
1789847015.22218,0x40db2,39484a,1c1c1c,0,2.458333969116211
1789847015.2384157,0x40db2,3e4d4f,1c1c1c,0,3.5729408264160156
1789847015.2523293,0x40db2,3a484a,1c1c1c,0,3.307342529296875
1789847015.2665782,0x40db2,3e4d4d,1c1c1c,0,4.325628280639648
1789847015.2792954,0x40db2,3c4a4a,1c1c1c,0,5.242347717285156
1789847015.2946715,0x40db2,3d4c4d,1c1c1c,0,3.130197525024414
1789847015.306501,0x40db2,737d75,1c1c1c,0,5.124568939208984
1789847015.318986,0x40db2,4f5f58,1c1c1c,0,2.2919178009033203
1789847015.3321912,0x40db2,465250,1c1c1c,0,4.612207412719727
1789847015.3457015,0x40db2,4b534c,1c1c1c,0,2.5262832641601562
1789847015.3591487,0x40db2,646c59,1c1c1c,0,4.732608795166016
1789847015.3711305,0x40db2,4a4f4b,1c1c1c,0,2.475261688232422
1789847015.3836486,0x40db2,606f62,1c1c1c,0,2.7217864990234375
1789847015.3971622,0x40db2,6e7565,1c1c1c,0,3.187894821166992
1789847015.4096003,0x40db2,585d5a,1c1c1c,0,3.0808448791503906
1789847015.4221556,0x40db2,555e5b,1c1c1c,0,2.5529861450195312
1789847015.4368958,0x40db2,434e4d,1c1c1c,0,3.4606456756591797
1789847015.4490929,0x40db2,3a4947,1c1c1c,0,2.518892288208008
1789847015.4642153,0x40db2,596e5d,1c1c1c,0,3.7183761596679688
1789847015.4774141,0x40db2,48514c,1c1c1c,0,2.9327869415283203
1789847015.4900188,0x40db2,474c47,1c1c1c,0,3.6745071411132812
1789847015.502033,0x40db2,424d4b,1c1c1c,0,2.2563934326171875
1789847015.5148182,0x40db2,404b4a,1c1c1c,0,3.7529468536376953
1789847015.527351,0x40db2,434d4b,1c1c1c,0,3.089427947998047
1789847015.5408847,0x40db2,6a7768,1c1c1c,0,4.042863845825195
1789847015.5516605,0x40db2,566b5a,1c1c1c,0,1.977682113647461
1789847015.5652566,0x40db2,47554f,1c1c1c,0,4.296541213989258
1789847015.5801144,0x40db2,5f7267,1c1c1c,0,4.614830017089844
1789847015.5941224,0x40db2,576b67,1c1c1c,0,3.5064220428466797
1789847015.6064687,0x40db2,3b4d4f,1c1c1c,0,5.246877670288086
1789847015.620892,0x40db2,404f53,1c1c1c,0,3.1342506408691406
1789847015.635063,0x40db2,3e4c4e,1c1c1c,0,6.764650344848633
1789847015.647141,0x40db2,455353,1c1c1c,0,2.488374710083008
1789847015.660403,0x40db2,3c4b49,1c1c1c,0,3.3864974975585938
1789847015.672035,0x40db2,546a62,1c1c1c,0,2.445220947265625
1789847015.6845858,0x40db2,4b5e57,1c1c1c,0,6.248235702514648
1789847015.6969407,0x40db2,3b4543,1c1c1c,0,3.3111572265625
1789847015.7102597,0x40db2,5d6862,1c1c1c,0,3.121614456176758
1789847015.7220273,0x40db2,3f4a4b,1c1c1c,0,2.4940967559814453
1789847015.7370057,0x40db2,54625f,1c1c1c,0,3.537416458129883
1789847015.7489476,0x40db2,404d4e,1c1c1c,0,2.499103546142578
1789847015.7612286,0x40db2,435354,1c1c1c,0,3.1049251556396484
1789847015.7736952,0x40db2,455556,1c1c1c,0,2.7036666870117188
1789847015.787903,0x40db2,465656,1c1c1c,0,4.155158996582031
1789847015.799165,0x40db2,41504e,1c1c1c,0,2.176523208618164
1789847015.814137,0x40db2,495955,1c1c1c,0,3.9675235748291016
1789847015.8280628,0x40db2,45554d,1c1c1c,0,3.2448768615722656
1789847015.8422,0x40db2,485550,1c1c1c,0,4.364490509033203
1789847015.855215,0x40db2,576864,1c1c1c,0,3.3926963806152344
1789847015.8686473,0x40db2,506b62,1c1c1c,0,4.336357116699219
1789847015.8812914,0x40db2,455c55,1c1c1c,0,4.352569580078125
1789847015.8948295,0x40db2,40554c,1c1c1c,0,3.718852996826172
1789847015.9071908,0x40db2,58685c,1c1c1c,0,4.479885101318359
1789847015.919938,0x40db2,6f8071,1c1c1c,0,3.6242008209228516
1789847015.933835,0x40db2,627c75,1c1c1c,0,6.808042526245117
1789847015.9461071,0x40db2,4b6864,1c1c1c,0,2.4056434631347656
1789847015.9590504,0x40db2,4b6d66,1c1c1c,0,4.722833633422852
1789847015.971252,0x40db2,6f8071,1c1c1c,0,2.485036849975586
1789847015.9845476,0x40db2,5f7162,1c1c1c,0,6.265163421630859
1789847015.996615,0x40db2,40554c,1c1c1c,0,2.285003662109375
1789847016.0094593,0x40db2,5b6d66,1c1c1c,0,5.709171295166016
1789847016.0216117,0x40db2,465a52,1c1c1c,0,2.4542808532714844
1789847016.0355792,0x40db2,506b62,1c1c1c,0,3.5600662231445312
1789847016.0478468,0x40db2,4e5d58,1c1c1c,0,2.513885498046875
1789847016.060854,0x40db2,485550,1c1c1c,0,3.365039825439453
1789847016.0725586,0x40db2,506159,1c1c1c,0,2.25830078125
1789847016.085476,0x40db2,495955,1c1c1c,0,6.5631866455078125
1789847016.0978146,0x40db2,41504e,1c1c1c,0,2.448558807373047
1789847016.1107788,0x40db2,465656,1c1c1c,0,3.1061172485351562
1789847016.1229036,0x40db2,445456,1c1c1c,0,2.4704933166503906
1789847016.1367438,0x40db2,435354,1c1c1c,0,3.2236576080322266
1789847016.151513,0x40db2,404d4e,1c1c1c,0,3.0193328857421875
1789847016.164757,0x40db2,54625f,1c1c1c,0,3.9861202239990234
1789847016.1775458,0x40db2,3f4a4b,1c1c1c,0,3.017902374267578
1789847016.1905122,0x40db2,3d4844,1c1c1c,0,3.8127899169921875
1789847016.2017105,0x40db2,3b4543,1c1c1c,0,2.2470951080322266
1789847016.2149105,0x40db2,4a5f55,1c1c1c,0,4.199743270874023
1789847016.2279665,0x40db2,546a62,1c1c1c,0,3.070354461669922
1789847016.240971,0x40db2,465754,1c1c1c,0,3.4759044647216797
1789847016.2519183,0x40db2,455353,1c1c1c,0,2.069711685180664
1789847016.26473,0x40db2,3c4b4e,1c1c1c,0,3.7279129028320312
1789847016.2781465,0x40db2,404f53,1c1c1c,0,3.2219886779785156
1789847016.2910612,0x40db2,3b4d4f,1c1c1c,0,3.591775894165039
1789847016.301776,0x40db2,576b67,1c1c1c,0,2.064228057861328
1789847016.3155997,0x40db2,5f7267,1c1c1c,0,4.256248474121094
1789847016.3281496,0x40db2,47554f,1c1c1c,0,3.432750701904297
1789847016.3409483,0x40db2,505c59,1c1c1c,0,3.7910938262939453
1789847016.3523076,0x40db2,6a7768,1c1c1c,0,2.1991729736328125
1789847016.3652506,0x40db2,434d4b,1c1c1c,0,3.6165714263916016
1789847016.376713,0x40db2,404b4a,1c1c1c,0,2.0570755004882812
1789847016.3922052,0x40db2,424d4b,1c1c1c,0,4.564523696899414
1789847016.4049947,0x40db2,434a47,1c1c1c,0,3.5741329193115234
1789847016.4198465,0x40db2,474c47,1c1c1c,0,3.687143325805664
1789847016.4323888,0x40db2,678171,1c1c1c,0,5.228519439697266
1789847016.445717,0x40db2,3a4947,1c1c1c,0,2.262115478515625
1789847016.4571614,0x40db2,434e4d,1c1c1c,0,4.759550094604492
1789847016.4705725,0x40db2,555e5b,1c1c1c,0,3.8149356842041016
1789847016.481131,0x40db2,585d5a,1c1c1c,0,2.760171890258789
1789847016.496385,0x40db2,6e7565,1c1c1c,0,3.2389163970947266
1789847016.5080562,0x40db2,5d6251,1c1c1c,0,2.8946399688720703
1789847016.5218022,0x40db2,4a4f4b,1c1c1c,0,3.200531005859375
1789847016.535771,0x40db2,646c59,1c1c1c,0,5.938053131103516
1789847016.5481508,0x40db2,4b534c,1c1c1c,0,2.4919509887695312
1789847016.560697,0x40db2,465250,1c1c1c,0,3.228902816772461
1789847016.5726345,0x40db2,45504d,1c1c1c,0,2.5110244750976562
1789847016.5861685,0x40db2,737d75,1c1c1c,0,4.38690185546875
1789847016.5988047,0x40db2,3e4e4d,1c1c1c,0,2.5298595428466797
1789847016.613526,0x40db2,3c4a4a,1c1c1c,0,3.5283565521240234
1789847016.626658,0x40db2,3f4f4e,1c1c1c,0,3.210306167602539
1789847016.6402931,0x40db2,3b494a,1c1c1c,0,3.502368927001953
1789847016.653975,0x40db2,3a484a,1c1c1c,0,3.5500526428222656
1789847016.6668332,0x40db2,354245,1c1c1c,0,3.8034915924072266
1789847016.67701,0x40db2,374546,1c1c1c,0,2.1860599517822266
1789847016.6908748,0x40db2,404945,1c1c1c,0,3.724813461303711
1789847016.7055085,0x40db2,636b5f,1c1c1c,0,5.077123641967773
1789847016.7195163,0x40db2,404b45,1c1c1c,0,3.5135746002197266
1789847016.7323506,0x40db2,384143,1c1c1c,0,4.582643508911133
1789847016.747535,0x40db2,3c4144,1c1c1c,0,2.6586055755615234
1789847016.7609348,0x40db2,3e4348,1c1c1c,0,3.716707229614258
1789847016.772935,0x40db2,494e52,1c1c1c,0,2.4411678314208984
1789847016.78778,0x40db2,3e4041,1c1c1c,0,4.850625991821289
1789847016.8001256,0x40db2,50504c,1c1c1c,0,2.413511276245117
1789847016.813907,0x40db2,565650,1c1c1c,0,3.519773483276367
1789847016.827679,0x40db2,453f3f,1c1c1c,0,2.411365509033203
1789847016.8416781,0x40db2,4a433f,1c1c1c,0,3.74603271484375
1789847016.8511817,0x40db2,605146,1c1c1c,0,1.2009143829345703
1789847016.8655565,0x40db2,373b3f,1c1c1c,0,3.8704872131347656
1789847016.8767488,0x40db2,3b4046,1c1c1c,0,2.1300315856933594
1789847016.8905168,0x40db2,353942,1c1c1c,0,3.6733150482177734
1789847016.9039977,0x40db2,33373e,1c1c1c,0,3.723621368408203
1789847016.918276,0x40db2,33373a,1c1c1c,0,4.525661468505859
1789847016.930381,0x40db2,454242,1c1c1c,0,4.925966262817383
1789847016.9457788,0x40db2,343333,1c1c1c,0,3.3109188079833984
1789847016.958023,0x40db2,3d3b3b,1c1c1c,0,5.079984664916992
1789847016.9707806,0x40db2,3a3839,1c1c1c,0,2.353668212890625
1789847016.9852755,0x40db2,3b3c3c,1c1c1c,0,5.722761154174805
1789847016.9972818,0x40db2,454242,1c1c1c,0,2.385377883911133
1789847017.0107064,0x40db2,383c40,1c1c1c,0,3.664255142211914
1789847017.023267,0x40db2,33373e,1c1c1c,0,2.6845932006835938
1789847017.0372207,0x40db2,3b4046,1c1c1c,0,4.40216064453125
1789847017.0491078,0x40db2,373b3f,1c1c1c,0,2.469778060913086
1789847017.0642838,0x40db2,575251,1c1c1c,0,3.8208961486816406
1789847017.076192,0x40db2,4a433f,1c1c1c,0,1.1417865753173828
1789847017.0903194,0x40db2,403a3a,1c1c1c,0,3.6635398864746094
1789847017.1043594,0x40db2,54524d,1c1c1c,0,3.365039825439453
1789847017.1186173,0x40db2,565650,1c1c1c,0,4.682064056396484
1789847017.131156,0x40db2,444445,1c1c1c,0,4.794836044311523
1789847017.1466231,0x40db2,494e52,1c1c1c,0,3.3957958221435547
1789847017.157325,0x40db2,414549,1c1c1c,0,2.501249313354492
1789847017.1711018,0x40db2,3a3f44,1c1c1c,0,3.1783580780029297
1789847017.183687,0x40db2,384143,1c1c1c,0,4.549503326416016
1789847017.1969202,0x40db2,45524e,1c1c1c,0,2.3925304412841797
1789847017.209823,0x40db2,404b45,1c1c1c,0,2.953767776489258
1789847017.2224002,0x40db2,5a665c,1c1c1c,0,2.568483352661133
1789847017.2361953,0x40db2,374546,1c1c1c,0,3.8716793060302734
1789847017.2485993,0x40db2,39484a,1c1c1c,0,2.546548843383789
1789847017.2640016,0x40db2,3e4d4f,1c1c1c,0,3.937244415283203
1789847017.2769413,0x40db2,3a484a,1c1c1c,0,2.137422561645508
1789847017.2910755,0x40db2,3e4d4d,1c1c1c,0,3.8700103759765625
1789847017.3026495,0x40db2,3c4a4a,1c1c1c,0,2.4514198303222656
1789847017.3159602,0x40db2,3d4c4d,1c1c1c,0,3.748178482055664
1789847017.3260028,0x40db2,737d75,1c1c1c,0,1.218557357788086
1789847017.3411562,0x40db2,4f5f58,1c1c1c,0,3.882884979248047
1789847017.3510742,0x40db2,465250,1c1c1c,0,1.1942386627197266
1789847017.3643656,0x40db2,3b4645,1c1c1c,0,3.403186798095703
1789847017.3789463,0x40db2,646c59,1c1c1c,0,3.550291061401367
1789847017.3942156,0x40db2,626659,1c1c1c,0,4.891395568847656
1789847017.4073763,0x40db2,4a4f4b,1c1c1c,0,4.49681282043457
1789847017.420972,0x40db2,5d6251,1c1c1c,0,2.466917037963867
1789847017.4355667,0x40db2,585d5a,1c1c1c,0,5.968332290649414
1789847017.4476695,0x40db2,555e5b,1c1c1c,0,2.3026466369628906
1789847017.4594817,0x40db2,434e4d,1c1c1c,0,5.171775817871094
1789847017.471694,0x40db2,3a4947,1c1c1c,0,2.479076385498047
1789847017.4829865,0x40db2,596e5d,1c1c1c,0,4.876852035522461
1789847017.4971294,0x40db2,48514c,1c1c1c,0,2.584218978881836
1789847017.5097315,0x40db2,474c47,1c1c1c,0,4.930257797241211
1789847017.5214736,0x40db2,434a47,1c1c1c,0,2.2230148315429688
1789847017.5353038,0x40db2,5a6663,1c1c1c,0,5.675554275512695
1789847017.5480437,0x40db2,434d4b,1c1c1c,0,2.384662628173828
1789847017.5606604,0x40db2,58605b,1c1c1c,0,3.3617019653320312
1789847017.572792,0x40db2,566b5a,1c1c1c,0,2.5293827056884766
1789847017.585851,0x40db2,505c59,1c1c1c,0,6.361484527587891
1789847017.598475,0x40db2,5f7267,1c1c1c,0,2.5713443756103516
1789847017.611265,0x40db2,4c5e56,1c1c1c,0,3.381013870239258
1789847017.6237662,0x40db2,3b4d4f,1c1c1c,0,2.3882389068603516
1789847017.640228,0x40db2,405054,1c1c1c,0,3.812551498413086
1789847017.654134,0x40db2,3c4b4e,1c1c1c,0,3.4749507904052734
1789847017.66838,0x40db2,3e4c4e,1c1c1c,0,4.437446594238281
1789847017.6804328,0x40db2,465754,1c1c1c,0,4.916906356811523
1789847017.695745,0x40db2,546a62,1c1c1c,0,3.3004283905029297
1789847017.707416,0x40db2,4a5f55,1c1c1c,0,5.01251220703125
1789847017.7205346,0x40db2,3b4543,1c1c1c,0,3.4720897674560547
1789847017.7324927,0x40db2,5d6862,1c1c1c,0,5.385875701904297
1789847017.7467744,0x40db2,3f4a4b,1c1c1c,0,2.4230480194091797
1789847017.7597425,0x40db2,54625f,1c1c1c,0,3.360271453857422
1789847017.7719333,0x40db2,404d4e,1c1c1c,0,2.531290054321289
1789847017.7862003,0x40db2,435354,1c1c1c,0,3.9985179901123047
1789847017.798541,0x40db2,445456,1c1c1c,0,2.457141876220703
1789847017.8121648,0x40db2,465656,1c1c1c,0,3.548145294189453
1789847017.8241029,0x40db2,41504e,1c1c1c,0,2.481222152709961
1789847017.8378685,0x40db2,495955,1c1c1c,0,4.320859909057617
1789847017.850338,0x40db2,506159,1c1c1c,0,2.583742141723633
1789847017.8637023,0x40db2,485550,1c1c1c,0,3.611326217651367
1789847017.8757439,0x40db2,4e5d58,1c1c1c,0,2.8035640716552734
1789847017.889718,0x40db2,506b62,1c1c1c,0,5.6018829345703125
1789847017.9019792,0x40db2,465a52,1c1c1c,0,2.2530555725097656
1789847017.9143925,0x40db2,5b6d66,1c1c1c,0,3.608226776123047
1789847017.9265523,0x40db2,58685c,1c1c1c,0,3.312826156616211
1789847017.940353,0x40db2,5f7162,1c1c1c,0,3.7505626678466797
1789847017.951857,0x40db2,6f8071,1c1c1c,0,2.511739730834961
1789847017.9632628,0x40db2,4b6d66,1c1c1c,0,4.236459732055664
1789847017.9744864,0x40db2,4b6d66,1c1c1c,0,2.3691654205322266
1789847017.9897535,0x40db2,627c75,1c1c1c,0,3.8518905639648438
1789847018.002134,0x40db2,6f8071,1c1c1c,0,2.1927356719970703
1789847018.015303,0x40db2,58685c,1c1c1c,0,3.7331581115722656
1789847018.0265324,0x40db2,40554c,1c1c1c,0,2.069711685180664
1789847018.0412152,0x40db2,455c55,1c1c1c,0,4.019498825073242
1789847018.0520627,0x40db2,506b62,1c1c1c,0,2.317667007446289
1789847018.0645745,0x40db2,576864,1c1c1c,0,3.673076629638672
1789847018.0772007,0x40db2,4e5d58,1c1c1c,0,3.5257339477539062
1789847018.0914798,0x40db2,45554d,1c1c1c,0,3.68499755859375
1789847018.1021338,0x40db2,506159,1c1c1c,0,2.1703243255615234
1789847018.1160135,0x40db2,485755,1c1c1c,0,3.962278366088867
1789847018.1267,0x40db2,465656,1c1c1c,0,2.111673355102539
1789847018.1407356,0x40db2,455556,1c1c1c,0,3.5889148712158203
1789847018.1525986,0x40db2,445456,1c1c1c,0,2.3839473724365234
1789847018.1656857,0x40db2,405051,1c1c1c,0,3.690958023071289
1789847018.1769938,0x40db2,404d4e,1c1c1c,0,2.0914077758789062
1789847018.1913147,0x40db2,435151,1c1c1c,0,3.953695297241211
1789847018.201985,0x40db2,3f4a4b,1c1c1c,0,2.0666122436523438
1789847018.2152104,0x40db2,3d4844,1c1c1c,0,4.189014434814453
1789847018.2294981,0x40db2,3b4543,1c1c1c,0,3.63922119140625
1789847018.244975,0x40db2,4a5f55,1c1c1c,0,3.8073062896728516
1789847018.2570093,0x40db2,546a62,1c1c1c,0,4.964351654052734
1789847018.2711427,0x40db2,465754,1c1c1c,0,2.5606155395507812
1789847018.2835321,0x40db2,3e4c4e,1c1c1c,0,4.11224365234375
1789847018.296175,0x40db2,3c4b4e,1c1c1c,0,2.3758411407470703
1789847018.3094718,0x40db2,405054,1c1c1c,0,4.7626495361328125
1789847018.3209786,0x40db2,3b4d4f,1c1c1c,0,2.9134750366210938
1789847018.3332925,0x40db2,4c5e56,1c1c1c,0,4.072427749633789
1789847018.3472648,0x40db2,5f7267,1c1c1c,0,2.519845962524414
1789847018.3602796,0x40db2,505c59,1c1c1c,0,3.3888816833496094
1789847018.372334,0x40db2,566b5a,1c1c1c,0,2.4385452270507812
1789847018.3870258,0x40db2,58605b,1c1c1c,0,6.3724517822265625
1789847018.399208,0x40db2,434d4b,1c1c1c,0,2.518177032470703
1789847018.4136703,0x40db2,5a6663,1c1c1c,0,4.925012588500977
1789847018.4263518,0x40db2,434a47,1c1c1c,0,2.1829605102539062
1789847018.4402442,0x40db2,474c47,1c1c1c,0,3.641366958618164
1789847018.4523437,0x40db2,678171,1c1c1c,0,2.146005630493164
1789847018.4667377,0x40db2,596e5d,1c1c1c,0,4.720211029052734
1789847018.4789712,0x40db2,3f4f4f,1c1c1c,0,3.4024715423583984
1789847018.4940233,0x40db2,434e4d,1c1c1c,0,4.499673843383789
1789847018.5063517,0x40db2,414548,1c1c1c,0,3.4346580505371094
1789847018.5188851,0x40db2,585d5a,1c1c1c,0,4.108190536499023
1789847018.5307064,0x40db2,5d6251,1c1c1c,0,3.591775894165039
1789847018.5447447,0x40db2,4a4f4b,1c1c1c,0,4.563570022583008
1789847018.5566533,0x40db2,626659,1c1c1c,0,3.353118896484375
1789847018.570829,0x40db2,646c59,1c1c1c,0,3.6935806274414062
1789847018.5855696,0x40db2,3b4645,1c1c1c,0,4.311561584472656
1789847018.5974574,0x40db2,45504d,1c1c1c,0,2.3660659790039062
1789847018.6111047,0x40db2,4f5f58,1c1c1c,0,3.3969879150390625
1789847018.6237977,0x40db2,3e4e4d,1c1c1c,0,2.6650428771972656
1789847018.6373227,0x40db2,3c4a4a,1c1c1c,0,4.454612731933594
1789847018.6502974,0x40db2,3f4f4e,1c1c1c,0,2.6688575744628906
1789847018.664651,0x40db2,3b494a,1c1c1c,0,4.595756530761719
1789847018.676905,0x40db2,3a484a,1c1c1c,0,2.2051334381103516
1789847018.6911225,0x40db2,354245,1c1c1c,0,3.6749839782714844
1789847018.70235,0x40db2,39484a,1c1c1c,0,2.3069381713867188
1789847018.7152107,0x40db2,404945,1c1c1c,0,3.5622119903564453
1789847018.7265732,0x40db2,636b5f,1c1c1c,0,1.9898414611816406
1789847018.7415144,0x40db2,404b45,1c1c1c,0,3.977537155151367
1789847018.7522438,0x40db2,384143,1c1c1c,0,2.1309852600097656
1789847018.7653382,0x40db2,3c4144,1c1c1c,0,3.6013126373291016
1789847018.7773368,0x40db2,3e4348,1c1c1c,0,2.3336410522460938
1789847018.7918468,0x40db2,414549,1c1c1c,0,3.9238929748535156
1789847018.8019538,0x40db2,494e52,1c1c1c,0,2.2552013397216797
1789847018.8159642,0x40db2,444445,1c1c1c,0,3.827810287475586
1789847018.8267438,0x40db2,565650,1c1c1c,0,2.073526382446289
1789847018.8408997,0x40db2,54524d,1c1c1c,0,3.5598278045654297
1789847018.8519914,0x40db2,453f3f,1c1c1c,0,2.1736621856689453
1789847018.8648088,0x40db2,4a433f,1c1c1c,0,3.520488739013672
1789847018.8771431,0x40db2,605146,1c1c1c,0,2.1567344665527344
1789847018.8921595,0x40db2,373b3f,1c1c1c,0,4.001617431640625
1789847018.90214,0x40db2,3a4043,1c1c1c,0,2.001523971557617
1789847018.91541,0x40db2,353942,1c1c1c,0,4.1675567626953125
1789847018.9293878,0x40db2,33373e,1c1c1c,0,3.7245750427246094
1789847018.9440928,0x40db2,383c40,1c1c1c,0,4.947662353515625
1789847018.956236,0x40db2,454242,1c1c1c,0,5.316019058227539
1789847018.970631,0x40db2,343333,1c1c1c,0,5.205869674682617
1789847018.9810445,0x40db2,3a3839,1c1c1c,0,4.956483840942383
1789847018.9958925,0x40db2,3a3839,1c1c1c,0,5.1116943359375
1789847019.0079517,0x40db2,3b3c3c,1c1c1c,0,5.1898956298828125
1789847019.0207152,0x40db2,454242,1c1c1c,0,2.32696533203125
1789847019.0325587,0x40db2,383c40,1c1c1c,0,4.048347473144531
1789847019.0475905,0x40db2,33373e,1c1c1c,0,2.5606155395507812
1789847019.0606353,0x40db2,3b4046,1c1c1c,0,3.404378890991211
1789847019.072564,0x40db2,3a4043,1c1c1c,0,2.448558807373047
1789847019.0867994,0x40db2,575251,1c1c1c,0,4.225492477416992
1789847019.0991151,0x40db2,605146,1c1c1c,0,2.440214157104492
1789847019.1117575,0x40db2,403a3a,1c1c1c,0,3.1137466430664062
1789847019.1248226,0x40db2,54524d,1c1c1c,0,2.8150081634521484
1789847019.1378841,0x40db2,565650,1c1c1c,0,4.495859146118164
1789847019.150104,0x40db2,50504c,1c1c1c,0,2.435922622680664
1789847019.1637208,0x40db2,3e4041,1c1c1c,0,4.47392463684082
1789847019.1755705,0x40db2,414549,1c1c1c,0,1.1670589447021484
1789847019.190596,0x40db2,3e4348,1c1c1c,0,3.8454532623291016
1789847019.2023175,0x40db2,3c4144,1c1c1c,0,2.118825912475586
1789847019.2151992,0x40db2,384143,1c1c1c,0,3.646373748779297
1789847019.226865,0x40db2,404b45,1c1c1c,0,2.172231674194336
1789847019.2415245,0x40db2,636b5f,1c1c1c,0,3.7615299224853516
1789847019.2519364,0x40db2,404945,1c1c1c,0,2.0449161529541016
1789847019.264984,0x40db2,374546,1c1c1c,0,3.602743148803711
1789847019.2771943,0x40db2,354245,1c1c1c,0,2.287626266479492
1789847019.2908797,0x40db2,3e4d4f,1c1c1c,0,3.4685134887695312
1789847019.3020494,0x40db2,3b494a,1c1c1c,0,2.08282470703125
1789847019.3150253,0x40db2,3e4d4d,1c1c1c,0,3.671407699584961
1789847019.3270974,0x40db2,3c4a4a,1c1c1c,0,2.167940139770508
1789847019.3412237,0x40db2,3d4c4d,1c1c1c,0,3.727436065673828
1789847019.3538551,0x40db2,3e4e4d,1c1c1c,0,3.464937210083008
1789847019.3666139,0x40db2,4f5f58,1c1c1c,0,3.8497447967529297
1789847019.3759377,0x40db2,465250,1c1c1c,0,1.1487007141113281
1789847019.3909822,0x40db2,3b4645,1c1c1c,0,3.815174102783203
1789847019.4021258,0x40db2,646c59,1c1c1c,0,2.264261245727539
1789847019.4149327,0x40db2,626659,1c1c1c,0,3.604888916015625
1789847019.4286966,0x40db2,4a4f4b,1c1c1c,0,3.411531448364258
1789847019.4432151,0x40db2,5d6251,1c1c1c,0,4.700899124145508
1789847019.4521399,0x40db2,6e7565,1c1c1c,0,2.313852310180664
1789847019.4656546,0x40db2,414548,1c1c1c,0,3.9496421813964844
1789847019.4768784,0x40db2,434e4d,1c1c1c,0,2.027273178100586
1789847019.4907656,0x40db2,3f4f4f,1c1c1c,0,3.7996768951416016
1789847019.5025146,0x40db2,3a4947,1c1c1c,0,2.1142959594726562
1789847019.5152485,0x40db2,678171,1c1c1c,0,3.68499755859375
1789847019.5271597,0x40db2,48514c,1c1c1c,0,2.0444393157958984
1789847019.5416882,0x40db2,434a47,1c1c1c,0,3.801584243774414
1789847019.5518043,0x40db2,424d4b,1c1c1c,0,2.0172595977783203
1789847019.5657148,0x40db2,404b4a,1c1c1c,0,4.439830780029297
1789847019.5791268,0x40db2,434d4b,1c1c1c,0,3.291606903076172
1789847019.5943487,0x40db2,6a7768,1c1c1c,0,4.929542541503906
1789847019.6062238,0x40db2,566b5a,1c1c1c,0,4.788875579833984
1789847019.6209095,0x40db2,47554f,1c1c1c,0,3.540515899658203
1789847019.6330876,0x40db2,4c5e56,1c1c1c,0,5.09333610534668
1789847019.646745,0x40db2,576b67,1c1c1c,0,2.392292022705078
1789847019.6602526,0x40db2,405054,1c1c1c,0,3.5774707794189453
1789847019.672082,0x40db2,404f53,1c1c1c,0,2.518177032470703
1789847019.6860132,0x40db2,3e4c4e,1c1c1c,0,3.957509994506836
1789847019.6986752,0x40db2,455353,1c1c1c,0,2.630949020385742
1789847019.7113893,0x40db2,3c4b49,1c1c1c,0,3.402233123779297
1789847019.7230594,0x40db2,546a62,1c1c1c,0,2.3899078369140625
1789847019.7366884,0x40db2,4b5e57,1c1c1c,0,4.436254501342773
1789847019.7486858,0x40db2,3b4543,1c1c1c,0,2.5212764739990234
1789847019.7613616,0x40db2,5d6862,1c1c1c,0,2.9325485229492188
1789847019.7740278,0x40db2,3f4a4b,1c1c1c,0,2.722024917602539
1789847019.7871952,0x40db2,54625f,1c1c1c,0,4.265069961547852
1789847019.7992027,0x40db2,404d4e,1c1c1c,0,2.5703907012939453
1789847019.813394,0x40db2,435354,1c1c1c,0,4.815816879272461
1789847019.826494,0x40db2,445456,1c1c1c,0,2.229452133178711
1789847019.840089,0x40db2,465656,1c1c1c,0,3.7107467651367188
1789847019.8523564,0x40db2,485755,1c1c1c,0,2.257108688354492
1789847019.864869,0x40db2,495955,1c1c1c,0,3.8149356842041016
1789847019.8770623,0x40db2,45554d,1c1c1c,0,2.0558834075927734
1789847019.8916059,0x40db2,485550,1c1c1c,0,4.043102264404297
1789847019.901966,0x40db2,576864,1c1c1c,0,2.0339488983154297
1789847019.9147227,0x40db2,506b62,1c1c1c,0,3.632068634033203
1789847019.9273198,0x40db2,455c55,1c1c1c,0,2.307415008544922
1789847019.9416003,0x40db2,5b6d66,1c1c1c,0,3.580808639526367
1789847019.951732,0x40db2,40554c,1c1c1c,0,2.0780563354492188
1789847019.9649465,0x40db2,5f7162,1c1c1c,0,3.9434432983398438
1789847019.9754498,0x40db2,627c75,1c1c1c,0,1.2409687042236328
1789847019.9895637,0x40db2,4b6d66,1c1c1c,0,3.5657882690429688
1789847020.0025945,0x40db2,4b6864,1c1c1c,0,2.299785614013672
1789847020.0153077,0x40db2,627c75,1c1c1c,0,3.713846206665039
1789847020.0271885,0x40db2,6f8071,1c1c1c,0,2.0177364349365234
1789847020.0411737,0x40db2,58685c,1c1c1c,0,3.9491653442382812
1789847020.0509942,0x40db2,40554c,1c1c1c,0,1.1494159698486328
1789847020.0641615,0x40db2,455c55,1c1c1c,0,3.6385059356689453
1789847020.0771275,0x40db2,465a52,1c1c1c,0,2.0952224731445312
1789847020.090983,0x40db2,576864,1c1c1c,0,3.7131309509277344
1789847020.1020126,0x40db2,4e5d58,1c1c1c,0,2.1648406982421875
1789847020.1155467,0x40db2,45554d,1c1c1c,0,3.9322376251220703
1789847020.1269412,0x40db2,506159,1c1c1c,0,2.126932144165039
1789847020.1402724,0x40db2,485755,1c1c1c,0,3.553628921508789
1789847020.1540234,0x40db2,41504e,1c1c1c,0,3.378152847290039
1789847020.1664813,0x40db2,455556,1c1c1c,0,3.7336349487304688
1789847020.1754951,0x40db2,445456,1c1c1c,0,1.1396408081054688
1789847020.190726,0x40db2,405051,1c1c1c,0,5.384922027587891
1789847020.203673,0x40db2,404d4e,1c1c1c,0,3.3974647521972656
1789847020.2164981,0x40db2,54625f,1c1c1c,0,3.4792423248291016
1789847020.2288337,0x40db2,3f4a4b,1c1c1c,0,3.551006317138672
1789847020.2437015,0x40db2,3d4844,1c1c1c,0,4.726171493530273
1789847020.2555168,0x40db2,3b4543,1c1c1c,0,4.820108413696289
1789847020.268798,0x40db2,4a5f55,1c1c1c,0,4.7130584716796875
1789847020.2809813,0x40db2,546a62,1c1c1c,0,4.312992095947266
1789847020.2961428,0x40db2,465754,1c1c1c,0,3.2281875610351562
1789847020.307732,0x40db2,455353,1c1c1c,0,5.122661590576172
1789847020.3202755,0x40db2,3c4b4e,1c1c1c,0,3.1213760375976562
1789847020.3329365,0x40db2,405054,1c1c1c,0,5.058526992797852
1789847020.3471582,0x40db2,3b4d4f,1c1c1c,0,2.3941993713378906
1789847020.3600533,0x40db2,4c5e56,1c1c1c,0,3.4575462341308594
1789847020.3722608,0x40db2,5f7267,1c1c1c,0,2.3469924926757812
1789847020.386967,0x40db2,505c59,1c1c1c,0,4.250049591064453
1789847020.399185,0x40db2,566b5a,1c1c1c,0,2.5124549865722656
1789847020.412821,0x40db2,58605b,1c1c1c,0,4.0149688720703125
1789847020.4256501,0x40db2,434d4b,1c1c1c,0,2.6330947875976562
1789847020.4396884,0x40db2,5a6663,1c1c1c,0,5.686521530151367
1789847020.45177,0x40db2,434a47,1c1c1c,0,2.003908157348633
1789847020.46585,0x40db2,474c47,1c1c1c,0,3.9572715759277344
1789847020.4771376,0x40db2,678171,1c1c1c,0,2.1047592163085938
1789847020.4914408,0x40db2,596e5d,1c1c1c,0,3.630399703979492
1789847020.5058367,0x40db2,3f4f4f,1c1c1c,0,5.385875701904297
1789847020.5200207,0x40db2,434e4d,1c1c1c,0,3.533601760864258
1789847020.532557,0x40db2,414548,1c1c1c,0,4.64630126953125
1789847020.5475066,0x40db2,6e7565,1c1c1c,0,2.496957778930664
1789847020.56105,0x40db2,5d6251,1c1c1c,0,3.3769607543945312
1789847020.572776,0x40db2,4a4f4b,1c1c1c,0,2.5403499603271484
1789847020.5874455,0x40db2,626659,1c1c1c,0,4.332542419433594
1789847020.5992727,0x40db2,4b534c,1c1c1c,0,2.4008750915527344
1789847020.6141412,0x40db2,3b4645,1c1c1c,0,3.695964813232422
1789847020.6292472,0x40db2,45504d,1c1c1c,0,3.6187171936035156
1789847020.644301,0x40db2,737d75,1c1c1c,0,4.955768585205078
1789847020.6573749,0x40db2,3e4e4d,1c1c1c,0,4.580497741699219
1789847020.6707237,0x40db2,3c4a4a,1c1c1c,0,3.715991973876953
1789847020.683383,0x40db2,3e4d4d,1c1c1c,0,4.803657531738281
1789847020.6969545,0x40db2,3b494a,1c1c1c,0,2.422332763671875
1789847020.7103062,0x40db2,3e4d4f,1c1c1c,0,3.571033477783203
1789847020.7222295,0x40db2,354245,1c1c1c,0,2.518892288208008
1789847020.735921,0x40db2,374546,1c1c1c,0,4.436969757080078
1789847020.748408,0x40db2,5a665c,1c1c1c,0,2.5200843811035156
1789847020.7632318,0x40db2,636b5f,1c1c1c,0,3.6630630493164062
1789847020.7753768,0x40db2,45524e,1c1c1c,0,2.2954940795898438
1789847020.7907357,0x40db2,384143,1c1c1c,0,3.964662551879883
1789847020.80066,0x40db2,3a3f44,1c1c1c,0,1.1644363403320312
1789847020.8142598,0x40db2,3e4348,1c1c1c,0,4.286289215087891
1789847020.8272686,0x40db2,494e52,1c1c1c,0,2.382040023803711
1789847020.8415067,0x40db2,3e4041,1c1c1c,0,3.791332244873047
1789847020.8521528,0x40db2,50504c,1c1c1c,0,2.0186901092529297
1789847020.8663287,0x40db2,54524d,1c1c1c,0,4.300355911254883
1789847020.878711,0x40db2,453f3f,1c1c1c,0,3.3788681030273438
1789847020.8930504,0x40db2,4a433f,1c1c1c,0,4.348278045654297
1789847020.9069712,0x40db2,605146,1c1c1c,0,5.095958709716797
1789847020.9205754,0x40db2,373b3f,1c1c1c,0,3.5974979400634766
1789847020.9326847,0x40db2,3a4043,1c1c1c,0,4.938602447509766
1789847020.9474995,0x40db2,353942,1c1c1c,0,2.470731735229492
1789847020.9607658,0x40db2,383c40,1c1c1c,0,3.260374069213867
1789847020.9733446,0x40db2,33373a,1c1c1c,0,2.4819374084472656
1789847020.987514,0x40db2,3b3c3c,1c1c1c,0,4.235744476318359
1789847020.9996133,0x40db2,343333,1c1c1c,0,2.3577213287353516
1789847021.0140824,0x40db2,3d3b3b,1c1c1c,0,3.6325454711914062
1789847021.0291214,0x40db2,343333,1c1c1c,0,3.705739974975586
1789847021.0443363,0x40db2,3b3c3c,1c1c1c,0,4.921197891235352
1789847021.0571284,0x40db2,33373a,1c1c1c,0,4.800081253051758
1789847021.071057,0x40db2,383c40,1c1c1c,0,2.626657485961914
1789847021.083762,0x40db2,353942,1c1c1c,0,4.409074783325195
1789847021.0968444,0x40db2,3a4043,1c1c1c,0,2.4940967559814453
1789847021.1092992,0x40db2,575251,1c1c1c,0,5.713462829589844
1789847021.1218662,0x40db2,605146,1c1c1c,0,2.4716854095458984
1789847021.1354232,0x40db2,403a3a,1c1c1c,0,6.115198135375977
1789847021.1479166,0x40db2,453f3f,1c1c1c,0,2.560853958129883
1789847021.1612074,0x40db2,565650,1c1c1c,0,3.368854522705078
1789847021.1730225,0x40db2,50504c,1c1c1c,0,2.3093223571777344
1789847021.186719,0x40db2,3e4041,1c1c1c,0,5.665302276611328
1789847021.1988997,0x40db2,494e52,1c1c1c,0,2.2878646850585938
1789847021.2140875,0x40db2,3e4348,1c1c1c,0,3.9718151092529297
1789847021.2268338,0x40db2,3a3f44,1c1c1c,0,2.249002456665039
1789847021.2412198,0x40db2,384143,1c1c1c,0,3.8368701934814453
1789847021.2519982,0x40db2,45524e,1c1c1c,0,2.095937728881836
1789847021.2656534,0x40db2,636b5f,1c1c1c,0,3.778219223022461
1789847021.2768688,0x40db2,404945,1c1c1c,0,2.1343231201171875
1789847021.2908423,0x40db2,374546,1c1c1c,0,3.5953521728515625
1789847021.3025296,0x40db2,354245,1c1c1c,0,2.2606849670410156
1789847021.3154018,0x40db2,3e4d4f,1c1c1c,0,3.5097599029541016
1789847021.3270504,0x40db2,3b494a,1c1c1c,0,2.1047592163085938
1789847021.3419251,0x40db2,3e4d4d,1c1c1c,0,4.067897796630859
1789847021.352255,0x40db2,3c4a4a,1c1c1c,0,2.1538734436035156
1789847021.365062,0x40db2,3d4c4d,1c1c1c,0,3.7055015563964844
1789847021.3774946,0x40db2,737d75,1c1c1c,0,2.11334228515625
1789847021.3918552,0x40db2,4f5f58,1c1c1c,0,3.822803497314453
1789847021.4011202,0x40db2,45504d,1c1c1c,0,1.1589527130126953
1789847021.415237,0x40db2,3b4645,1c1c1c,0,3.908872604370117
1789847021.4286368,0x40db2,646c59,1c1c1c,0,3.2308101654052734
1789847021.4420004,0x40db2,626659,1c1c1c,0,3.7543773651123047
1789847021.4523883,0x40db2,4a4f4b,1c1c1c,0,2.1314620971679688
1789847021.4653492,0x40db2,5d6251,1c1c1c,0,3.682851791381836
1789847021.4770513,0x40db2,6e7565,1c1c1c,0,2.1207332611083984
1789847021.4916725,0x40db2,414548,1c1c1c,0,3.8623809814453125
1789847021.501938,0x40db2,555e5b,1c1c1c,0,2.038240432739258
1789847021.515425,0x40db2,3f4f4f,1c1c1c,0,4.151105880737305
1789847021.5292263,0x40db2,3a4947,1c1c1c,0,3.551483154296875
1789847021.5442083,0x40db2,678171,1c1c1c,0,4.881858825683594
1789847021.5574493,0x40db2,48514c,1c1c1c,0,4.471302032470703
1789847021.5717595,0x40db2,434a47,1c1c1c,0,2.6962757110595703
1789847021.5863142,0x40db2,5a6663,1c1c1c,0,4.368066787719727
1789847021.5985122,0x40db2,404b4a,1c1c1c,0,2.596139907836914
1789847021.612014,0x40db2,58605b,1c1c1c,0,3.3316612243652344
1789847021.6239793,0x40db2,566b5a,1c1c1c,0,2.6438236236572266
1789847021.6374893,0x40db2,505c59,1c1c1c,0,4.445552825927734
1789847021.6499448,0x40db2,5f7267,1c1c1c,0,2.639293670654297
1789847021.664441,0x40db2,4c5e56,1c1c1c,0,3.763914108276367
1789847021.6764412,0x40db2,3b4d4f,1c1c1c,0,3.126382827758789
1789847021.691037,0x40db2,405054,1c1c1c,0,4.0130615234375
1789847021.7024212,0x40db2,3c4b4e,1c1c1c,0,2.413511276245117
1789847021.715684,0x40db2,3e4c4e,1c1c1c,0,3.572225570678711
1789847021.7272353,0x40db2,465754,1c1c1c,0,2.283811569213867
1789847021.7421448,0x40db2,3c4b49,1c1c1c,0,4.21595573425293
1789847021.7540476,0x40db2,4a5f55,1c1c1c,0,3.5343170166015625
1789847021.767793,0x40db2,4b5e57,1c1c1c,0,4.37164306640625
1789847021.7804656,0x40db2,3d4844,1c1c1c,0,3.5088062286376953
1789847021.7957716,0x40db2,5d6862,1c1c1c,0,3.818988800048828
1789847021.8086684,0x40db2,435151,1c1c1c,0,4.545688629150391
1789847021.8211365,0x40db2,404d4e,1c1c1c,0,2.309560775756836
1789847021.8336422,0x40db2,405051,1c1c1c,0,4.093647003173828
1789847021.8477075,0x40db2,445456,1c1c1c,0,2.5568008422851562
1789847021.8611114,0x40db2,455556,1c1c1c,0,3.402233123779297
1789847021.872802,0x40db2,41504e,1c1c1c,0,2.307415008544922
1789847021.8869371,0x40db2,495955,1c1c1c,0,4.505395889282227
1789847021.8986897,0x40db2,506159,1c1c1c,0,2.3958683013916016
1789847021.9142191,0x40db2,45554d,1c1c1c,0,3.8442611694335938
1789847021.9275813,0x40db2,4e5d58,1c1c1c,0,2.2835731506347656
1789847021.9416308,0x40db2,506b62,1c1c1c,0,3.8862228393554688
1789847021.9520345,0x40db2,465a52,1c1c1c,0,2.0308494567871094
1789847021.9652429,0x40db2,5b6d66,1c1c1c,0,3.847360610961914
1789847021.9766946,0x40db2,58685c,1c1c1c,0,2.0813941955566406
