seconds_from_gesture_start,frametime_ms
1.009774,10.1865
1.022133,12.3585
1.035256,13.122
1.048822,13.5656
1.061121,12.2993
1.073934,12.8129
1.086369,12.4347
1.09844,12.0711
1.112112,13.6722
1.121602,9.48921
1.135478,13.8727
1.150315,14.84
1.15776,7.4446
1.168947,11.1871
1.182601,13.6536
1.192412,9.8102
1.205325,12.9125
1.218514,13.1895
1.230462,11.9476
1.24364,13.1771
1.257718,14.0776
1.268707,10.9889
1.280678,11.9706
1.293561,12.8819
1.305416,11.856
1.317957,12.5399
1.332922,14.9637
1.34324,10.319
1.355348,12.1081
1.36837,13.0212
1.381443,13.0722
1.393608,12.1661
1.408001,14.3926
1.418322,10.3214
1.430522,12.1995
1.443214,12.6916
1.454212,10.9979
1.466734,12.5216
1.480871,14.1372
1.493404,12.5324
1.505129,11.7256
1.519342,14.2127
1.529986,10.6419
1.542512,12.5273
1.556847,14.3348
1.567475,10.6283
1.579774,12.2994
1.593615,13.8402
1.6043,10.6852
1.615449,11.1483
1.629593,14.1441
1.639978,10.3815
1.652487,12.511
1.666916,14.4293
1.677238,10.3218
1.690289,13.051
1.704485,14.1958
1.714987,10.5013
1.729104,14.1171
1.743278,14.1723
1.753649,10.371
1.766003,12.3538
1.780695,14.6914
1.790229,9.5339
1.803544,13.3151
1.818092,14.5477
1.838912,20.8202
1.843543,4.63021
1.856214,12.6701
1.867183,10.969
1.877598,10.4142
1.892662,15.0649
1.902361,9.69932
1.91519,12.8283
1.93007,14.8802
1.940008,9.93773
1.952677,12.6697
1.966195,13.5171
1.976253,10.0574
1.989121,12.8679
2.003712,14.5908
2.014777,11.0658
2.027207,12.4295
2.041692,14.4838
2.050994,9.30205
2.063032,12.0375
2.077868,14.8357
2.087856,9.98715
2.100711,12.8554
2.11577,15.0582
2.127111,11.3406
2.14008,12.9654
2.152635,12.5574
2.165286,12.6505
2.177647,12.3609
2.191279,13.6318
2.202378,11.0987
2.213897,11.5185
2.228514,14.6181
2.239666,11.1511
2.251219,11.5529
2.267142,15.9227
2.276556,9.41307
2.289314,12.7576
2.303738,14.4233
2.315397,11.6587
2.327262,11.8649
2.342757,15.4946
2.351661,8.90352
2.364234,12.5726
2.377919,13.685
2.387828,9.908
2.40244,14.6113
2.416775,14.3347
2.42718,10.4056
2.440644,13.4632
2.454009,13.3655
2.462807,8.79831
2.476737,13.9294
2.491795,15.0565
2.502492,10.697
2.515754,13.2612
2.530009,14.2545
2.539604,9.59426
2.552401,12.7973
2.56547,13.0698
2.575651,10.1807
2.589529,13.8773
2.604154,14.6248
2.614409,10.2554
2.627939,13.5291
2.642371,14.4298
2.652807,10.4381
2.665489,12.6809
2.680261,14.7723
2.690305,10.0441
2.703193,12.888
2.717619,14.4243
2.72836,10.7408
2.741293,12.9325
2.755326,14.0325
2.765025,9.69925
2.779219,14.1941
2.793097,13.8775
2.804096,10.9992
2.815506,11.4103
2.829127,13.6202
2.840438,11.3104
2.852719,12.2792
2.867487,14.7686
2.877423,9.93588
2.889563,12.1395
2.909485,19.9215
2.914558,5.07285
2.92786,13.3016
2.942131,14.2696
2.952104,9.97409
2.965083,12.9786
2.979369,14.2852
2.989629,10.2601
3.00198,12.3498
3.016336,14.3559
3.027236,10.9001
3.039289,12.052
3.053718,14.4291
3.063772,10.053
3.075573,11.8016
3.0898,14.2265
3.099374,9.57371
3.111939,12.564
3.128791,16.852
3.138236,9.44426
3.150626,12.3851
3.164345,13.7226
3.174149,9.80385
3.1887,14.5506
3.202829,14.1293
3.212944,10.1146
3.225303,12.3592
3.240573,15.2694
3.250215,9.64104
3.262351,12.1359
3.275954,13.6027
3.28659,10.6356
3.298815,12.2256
3.314644,15.829
3.325397,10.7527
3.337673,12.2759
3.352603,14.9293
3.362546,9.94306
3.373306,10.7599
3.386392,13.0861
3.39808,11.6864
3.412506,14.4259
3.426661,14.1548
3.437462,10.8006
3.449488,12.0257
3.46299,13.5012
3.473425,10.4351
3.48587,12.4452
3.499833,13.9625
3.510566,10.733
3.522622,12.0557
3.538439,15.8153
3.549132,10.6934
3.560863,11.7318
3.574988,14.1246
3.585364,10.376
3.598253,12.8847
3.612615,14.3618
3.623019,10.4036
3.637681,14.6616
3.651952,14.2676
3.661006,9.05773
3.673026,12.0197
3.687399,14.3728
3.697797,10.3975
3.710481,12.6834
3.725066,14.5854
3.735543,10.4759
3.748319,12.7758
3.762366,14.0466
3.773033,10.6673
3.785598,12.5648
3.800032,14.4339
3.810177,10.1447
3.822123,11.9454
3.838729,16.6064
3.848642,9.91172
3.860204,11.5624
3.874533,14.3289
3.885111,10.5782
3.89699,11.8783
3.911368,14.3778
3.921769,10.4009
3.935521,13.7522
3.949467,13.9461
3.973475,24.0067
3.977618,4.14321
3.988483,10.8644
3.998645,10.1601
4.008128,9.48408
4.021448,13.3202
4.033182,11.7337
4.045245,12.0623
4.059624,14.3786
4.070335,10.7106
4.084295,13.96
4.098759,14.4648
4.107504,8.74463
4.119854,12.3501
4.133897,14.0424
4.144526,10.6284
4.158674,14.1447
4.172524,13.8519
4.18424,11.7166
4.197084,12.8436
4.209833,12.7482
4.221671,11.8373
4.233782,12.1099
4.24811,14.3285
4.258832,10.7215
4.271202,12.3696
4.284977,13.7751
4.294512,9.53456
4.307024,12.5124
4.321191,14.1656
4.331569,10.3785
4.344219,12.6495
4.358171,13.951
4.36779,9.61945
4.380415,12.6243
4.393862,13.4473
4.40538,11.5173
4.418104,12.7231
4.432894,14.7897
4.445432,12.5379
4.457133,11.7004
4.470486,13.3531
4.480923,10.4367
4.493596,12.6733
4.507622,14.0245
4.518106,10.4839
4.530941,12.835
4.547422,16.4812
4.5572,9.77742
4.569797,12.5964
4.584391,14.5934
4.594909,10.5181
4.60656,11.6512
4.620413,13.8518
4.63239,11.977
4.645001,12.6111
4.658166,13.164
4.668534,10.3653
4.680673,12.1418
4.693928,13.2551
4.705568,11.6388
4.718501,12.9329
4.732655,14.1535
4.743347,10.6916
4.755575,12.2282
4.771974,16.3985
4.781158,9.18388
4.795406,14.2476
4.807954,12.5473
4.818504,10.5503
4.831119,12.6144
4.844151,13.0316
4.855554,11.4028
4.868174,12.6197
4.882529,14.3551
4.893394,10.8641
4.908057,14.6618
4.922141,14.0843
4.932403,10.2625
4.943595,11.1915
4.959894,16.2972
4.97029,10.3966
4.982388,12.0978
4.996911,14.5221
5.007229,10.3182
5.019857,12.6266
5.040883,21.0265
5.045692,4.8083
5.058322,12.63
5.074279,15.9562
5.082868,8.58926
5.094629,11.7601
5.109953,15.3233
5.120698,10.7456
5.133234,12.5355
5.148138,14.9038
5.157969,9.82917
5.170488,12.517
5.185142,14.656
5.195466,10.3233
5.20717,11.7042
5.221143,13.9729
5.232448,11.3042
5.244909,12.462
5.259796,14.8867
5.26952,9.7234
5.281276,11.7564
5.295851,14.5738
5.307603,11.7523
5.319127,11.5241
5.333547,14.4201
5.343628,10.0809
5.356076,12.4477
5.371004,14.9268
5.38056,9.55684
5.393741,13.1783
5.407615,13.8747
5.418302,10.6865
5.430036,11.7329
5.44464,14.6038
5.455184,10.5443
5.467856,12.6715
5.482236,14.3794
5.492732,10.4954
5.504835,12.1032
5.519087,14.2508
5.52937,10.2833
5.540577,11.2075
5.555138,14.5602
5.565614,10.4759
5.579464,13.8493
5.593998,14.5328
5.603451,9.45356
5.616407,12.9554
5.631743,15.3358
5.641628,9.88532
5.652986,11.3568
5.667694,14.7064
5.678234,10.5365
5.690637,12.4071
5.703438,12.8009
5.715765,12.3272
5.730322,14.5559
5.743965,13.6425
5.754273,10.3095
5.766733,12.4597
5.780589,13.8547
5.790512,9.92263
5.802762,12.2495
5.819199,16.4362
5.829035,9.83523
5.840277,11.2432
5.855556,15.2781
5.866602,11.0454
5.87873,12.1274
5.891971,13.2394
5.902421,10.4515
5.914084,11.663
5.928957,14.8731
5.938428,9.47113
5.952307,13.8773
5.967993,15.6854
5.977854,9.86174
5.990206,12.351
6.004747,14.5411
6.014719,9.97185
6.026477,11.7577
6.040785,14.3067
6.052688,11.9036
6.064883,12.1938
6.078036,13.1536
6.090586,12.549
6.10922,18.6344
6.118559,9.33882
6.128294,9.73459
6.13827,9.97573
6.152328,14.0585
6.163779,11.4501
6.177391,13.612
6.191532,14.1383
6.202087,10.5578
6.213839,11.7523
6.227145,13.3041
6.239108,11.9627
6.251691,12.5828
6.265266,13.5754
6.277635,12.3687
6.289564,11.929
6.303637,14.0723
6.314022,10.3851
6.32558,11.5566
6.340074,14.4937
6.35019,10.1164
6.362585,12.3949
6.3769,14.3148
6.387303,10.4032
6.399401,12.0961
6.412344,12.9433
6.423039,10.6951
6.435651,12.6111
6.449759,14.1085
6.460373,10.6138
6.473888,13.5148
6.487659,13.7711
6.498995,11.3364
6.511672,12.677
6.526137,14.4637
6.536591,10.4541
6.549062,12.4708
6.563977,14.9151
6.574039,10.062
6.586385,12.3456
6.60075,14.365
6.611402,10.6507
6.623736,12.3322
6.638189,14.455
6.646664,8.47511
6.661047,14.3829
6.675421,14.374
6.685254,9.83262
6.696735,11.4776
6.711058,14.326
6.72317,12.1103
6.734604,11.4347
6.748353,13.7481
6.760838,12.4834
6.772629,11.7922
6.785578,12.9481
6.796191,10.6127
6.808784,12.5932
6.823297,14.5122
6.833246,9.94885
6.845627,12.381
6.860165,14.5375
6.8708,10.635
6.883374,12.5736
6.897599,14.2254
6.908468,10.8686
6.921181,12.7126
6.935291,14.1088
6.945753,10.4622
6.958315,12.5617
6.972813,14.498
6.983222,10.4083
6.995518,12.296
7.010045,14.5261
7.020517,10.4717
7.033088,12.5722
7.047093,14.0044
7.057437,10.344
7.070129,12.691
7.084641,14.5125
7.095374,10.7324
7.107917,12.543
7.122715,14.7978
7.134564,11.8483
7.147146,12.5814
7.173567,26.4199
7.17663,3.06408
7.184334,7.70333
7.196519,12.184
7.207734,11.2123
7.218172,10.4411
7.230175,12.0024
7.241975,11.8001
7.256102,14.1274
7.27054,14.4372
7.281683,11.1413
7.294109,12.4264
7.307078,12.9694
7.31686,9.78235
7.329286,12.4257
7.343585,14.2993
7.354449,10.8633
7.366933,12.4839
7.381003,14.0694
7.391318,10.3145
7.40562,14.3011
7.418106,12.4861
7.428489,10.3823
7.440536,12.0461
7.456825,16.2892
7.466639,9.81384
7.478569,11.9294
7.492017,13.4474
7.502439,10.4222
7.515276,12.8362
7.529947,14.6704
7.540429,10.4819
7.552764,12.3349
7.567588,14.8234
7.578361,10.7734
7.590706,12.3449
7.607537,16.8315
7.61745,9.91242
7.629623,12.1703
7.644063,14.4411
7.653818,9.75479
7.665795,11.977
7.681333,15.5368
7.691743,10.4105
7.704649,12.9052
7.717952,13.2986
7.731375,13.4277
7.743607,12.2316
7.757759,14.1523
7.767534,9.77479
7.780268,12.7339
7.794137,13.8685
7.804813,10.6765
7.816865,12.0513
7.831534,14.6693
7.841903,10.3695
7.854581,12.6759
7.868401,13.8199
7.879141,10.7404
7.891617,12.4758
7.906135,14.5174
7.916882,10.7461
7.928797,11.9156
7.942909,14.1127
7.953157,10.2477
7.965453,12.2961
7.980518,15.0638
7.990517,9.99913
8.003165,12.6481
8.017337,14.1713
8.027804,10.4678
8.040658,12.8529
8.054905,14.2474
8.064213,9.30666
8.076156,11.9433
8.090471,14.3149
8.101104,10.632
8.113562,12.4579
8.127431,13.8691
8.139368,11.9358
8.152426,13.058
8.166691,14.2656
8.176029,9.33784
8.188233,12.2022
8.20133,13.098
8.211615,10.2839
8.235325,23.7062
8.244218,8.89616
8.251495,7.27696
8.261194,9.69915
8.276163,14.9679
8.288596,12.4328
8.297969,9.37274
8.311575,13.6055
8.323593,12.0182
8.335379,11.7856
8.34852,13.1416
8.360379,11.8587
8.372799,12.4201
8.386922,14.1224
8.395979,9.05731
8.408832,12.8529
8.42312,14.2874
8.432952,9.8321
8.445831,12.8786
8.460557,14.7259
8.470367,9.81043
8.482507,12.1399
8.496972,14.4647
8.507392,10.42
8.520144,12.7514
8.535038,14.8945
8.545471,10.4324
8.557383,11.9115
8.571814,14.4313
8.582849,11.0341
8.595543,12.6945
8.609998,14.455
8.620316,10.318
8.632674,12.3579
8.647573,14.8974
8.657982,10.4086
8.670346,12.3635
8.684535,14.1887
8.695189,10.6535
8.70775,12.5606
8.722279,14.5286
8.732601,10.3217
8.745915,13.3101
8.762672,16.7603
8.773096,10.4239
8.785286,12.1894
8.799489,14.2021
8.808092,8.60331
8.82117,13.0778
8.834787,13.617
8.845382,10.5946
8.859482,14.0996
8.874423,14.9401
8.885274,10.8511
8.897593,12.3182
8.911853,14.2596
8.922175,10.3224
8.933754,11.5787
8.94637,12.6157
8.958121,11.7502
8.970583,12.4617
8.984956,14.3728
8.995279,10.3232
9.008191,12.9119
9.02235,14.1574
9.032552,10.2024
9.045316,12.7642
9.060508,15.1905
9.070687,10.1791
9.085343,14.656
9.099214,13.8699
9.109814,10.6002
9.122227,12.4133
